計上日,メニュー名,中分類名,組価,供給実績数,最終供給時間
2022-07-01,温玉ねぎとろ丼Ｓ,＊ライスＦＦ,407,11,16:14
2022-07-01,冷やし山かけうどん,＊麺類,341,56,14:32
2022-07-01,冷やしそば,＊麺類,297,13,14:13
2022-07-01,冷やしうどん,＊麺類,297,52,14:30
2022-07-01,かけそば,＊麺類,209,4,14:21
2022-07-01,かけうどん,＊麺類,209,9,14:11
2022-07-01,カレーライスＳ,＊ライスＦＦ,253,5,18:24
2022-07-01,カレーライスＭ,＊ライスＦＦ,308,21,19:32
2022-07-01,カレーライスＬ,＊ライスＦＦ,363,5,18:36
2022-07-01,ロースカツカレーＳ,＊ライスＦＦ,352,3,17:37
2022-07-01,鶏きも煮,＊副菜,88,69,19:24
2022-07-01,油淋鶏弁当,＊内製弁当,500,23,12:30
2022-07-01,鯖塩焼き,＊主菜,176,57,19:32
2022-07-01,ホイコーロー,＊主菜,264,157,19:17
2022-07-01,冷やし山かけそば,＊麺類,341,28,14:20
2022-07-01,冷やし担々麺,＊麺類,473,60,14:03
2022-07-01,きつねうどん,＊麺類,297,4,13:34
2022-07-01,Ｅ蒸し鶏和風ごまソース,＊主菜,308,64,19:32
2022-07-01,ロースカツカレーＬ,＊ライスＦＦ,462,11,19:05
2022-07-01,Ｅチキンカツレモンマヨ,＊主菜,220,132,19:31
2022-07-01,Ｅポークミンチカツ,＊主菜,220,76,19:21
2022-07-01,かき玉汁,＊汁・スープ,33,219,19:32
2022-07-01,うどん　大　６２,＊麺類,62,46,14:32
2022-07-01,そば　大,＊麺類,62,19,14:21
2022-07-01,Ｔとんかつ玉子あんかけ弁当,＊内製弁当,450,18,12:49
2022-07-01,Ｔ唐揚げきのこのこのこ弁当,＊内製弁当,450,22,12:48
2022-07-01,Ｔオムレツ＆ハンバーグ弁当,＊内製弁当,400,9,13:04
2022-07-01,ウインナーと野菜のポトフ,＊主菜,176,142,15:08
2022-07-01,チキンフリッター,＊副菜,130,316,19:32
2022-07-01,温泉玉子,＊副菜,44,40,19:32
2022-07-01,トッピング温泉玉子,＊副菜,44,15,19:16
2022-07-01,チゲ豆腐,＊主菜,264,162,18:54
2022-07-01,鯖生姜煮,＊主菜,176,76,19:24
2022-07-01,Ｅハンバーグおろしソース,＊主菜,220,143,19:28
2022-07-01,牛肉コロッケ,＊副菜,110,87,19:32
2022-07-01,ライスＳ,＊ライス単品,94,339,19:31
2022-07-01,ライスＳＳ,＊ライス単品,73,176,19:32
2022-07-01,フルーツヨーグルト,＊ドリンク・デザート,110,99,19:10
2022-07-01,焼きプリンタルト,＊ドリンク・デザート,66,35,19:29
2022-07-01,牛乳,＊ドリンク・デザート,85,9,18:24
2022-07-01,大学芋,＊ドリンク・デザート,88,88,19:17
2022-07-01,ライスＭ,＊ライス単品,115,282,19:32
2022-07-01,大学生協コーヒー,＊ドリンク・デザート,95,27,19:24
2022-07-01,味噌カツ丼Ｌ,＊ライスＦＦ,462,14,19:08
2022-07-01,味噌カツ丼Ｍ,＊ライスＦＦ,407,59,19:31
2022-07-01,味噌カツ丼Ｓ,＊ライスＦＦ,352,4,18:39
2022-07-01,温玉ねぎとろ丼Ｌ,＊ライスＦＦ,517,30,18:33
2022-07-01,豚汁,＊汁・スープ,110,14,19:21
2022-07-01,温玉ねぎとろ丼Ｍ,＊ライスＦＦ,462,46,19:10
2022-07-01,紅茶のシフォン,＊ドリンク・デザート,220,25,18:48
2022-07-01,ライスＬ,＊ライス単品,136,78,19:32
2022-07-01,蒸し鶏サラダ,＊副菜,110,10,19:18
2022-07-01,がんもどき,＊副菜,66,19,14:00
2022-07-01,ライスＬＬ,＊ライス単品,198,13,19:17
2022-07-01,マカロニサラダ,＊副菜,66,99,19:31
2022-07-01,ほうれん草胡麻和え,＊副菜,66,160,19:21
2022-07-01,スパイスチキンサラダ,＊副菜,110,82,19:19
2022-07-01,巣ごもり玉子,＊副菜,88,168,19:32
2022-07-01,だし巻き,＊副菜,66,104,19:28
2022-07-01,冷奴,＊副菜,44,67,17:33
2022-07-01,ブロッコリーピーナッツ和え,＊副菜,88,175,19:30
2022-07-01,味噌汁,＊汁・スープ,33,209,19:31
2022-07-01,ミニサラダ,＊副菜,44,169,19:32
2022-07-01,れんこん天ぷら,＊副菜,110,178,19:03
2022-07-01,夏のさっぱり豚汁,＊汁・スープ,110,137,19:32
2022-07-01,小松菜と揚げ生姜風味,＊副菜,88,85,19:31
2022-07-01,ロースカツカレーＭ,＊ライスＦＦ,407,28,19:12
2022-07-01,納豆,＊副菜,44,35,19:32
2022-07-04,ライスＬＬ,＊ライス単品,198,13,19:09
2022-07-04,ライスＬ,＊ライス単品,136,94,19:30
2022-07-04,ライスＭ,＊ライス単品,115,319,19:30
2022-07-04,ライスＳ,＊ライス単品,94,432,19:29
2022-07-04,ライスＳＳ,＊ライス単品,73,183,19:24
2022-07-04,フルーツヨーグルト,＊ドリンク・デザート,110,64,19:20
2022-07-04,焼きプリンタルト,＊ドリンク・デザート,66,44,19:14
2022-07-04,大学生協コーヒー,＊ドリンク・デザート,95,25,18:55
2022-07-04,大学芋,＊ドリンク・デザート,88,92,19:24
2022-07-04,苺とベリーのケーキ,＊ドリンク・デザート,220,35,18:55
2022-07-04,北海道いももち,＊ドリンク・デザート,88,133,19:25
2022-07-04,サーモンサラダ丼Ｌ,＊ライスＦＦ,517,25,13:34
2022-07-04,そぼろきんぴらごぼう,＊副菜,88,99,19:05
2022-07-04,サーモンサラダ丼Ｍ,＊ライスＦＦ,462,83,13:25
2022-07-04,サーモンサラダ丼Ｓ,＊ライスＦＦ,407,21,13:33
2022-07-04,温玉ねぎとろ丼Ｌ,＊ライスＦＦ,517,10,19:15
2022-07-04,牛乳,＊ドリンク・デザート,85,8,19:20
2022-07-04,高野豆腐玉子とじ,＊副菜,88,19,19:23
2022-07-04,だし巻き,＊副菜,66,116,19:28
2022-07-04,夏のさっぱり豚汁,＊汁・スープ,110,200,19:25
2022-07-04,鶏きも煮,＊副菜,88,54,18:55
2022-07-04,梅肉とり天弁当,＊内製弁当,500,20,12:40
2022-07-04,豚野菜柚子胡椒ポン酢炒め,＊主菜,264,143,19:30
2022-07-04,鯖塩焼き,＊主菜,176,19,12:20
2022-07-04,ブリ照り煮,＊主菜,176,50,19:30
2022-07-04,ゆず塩ちゃんこ,＊主菜,264,122,14:58
2022-07-04,鯖味噌煮,＊主菜,176,79,19:17
2022-07-04,鯖生姜煮,＊主菜,176,7,11:47
2022-07-04,ポテト野菜サラダ,＊副菜,110,120,18:57
2022-07-04,南瓜サラダ,＊副菜,66,140,18:35
2022-07-04,海老クリームコロッケ,＊副菜,110,117,19:16
2022-07-04,ほうれん草胡麻和え,＊副菜,66,270,19:23
2022-07-04,オクラ巣ごもり玉子,＊副菜,88,237,19:25
2022-07-04,冷奴,＊副菜,44,77,19:30
2022-07-04,納豆,＊副菜,44,32,19:30
2022-07-04,味噌汁,＊汁・スープ,33,291,19:30
2022-07-04,ミニサラダ,＊副菜,44,187,19:23
2022-07-04,春雨しそサラダ,＊副菜,88,147,19:30
2022-07-04,餃子野菜あんかけ,＊主菜,176,118,19:12
2022-07-04,温玉ねぎとろ丼Ｓ,＊ライスＦＦ,407,3,19:20
2022-07-04,唐揚げ玉子あんかけ丼Ｌ,＊ライスＦＦ,462,23,17:46
2022-07-04,きつねそば,＊麺類,297,4,13:13
2022-07-04,胡麻チゲ冷麺,＊麺類,473,71,14:25
2022-07-04,Ｅローストンカツおろしソース,＊主菜,264,130,19:25
2022-07-04,Ｅチキン香草焼き,＊主菜,264,144,18:57
2022-07-04,Ｅチキンカツチリソース,＊主菜,220,132,19:25
2022-07-04,Ｅハンバーグデミソース,＊主菜,220,115,19:27
2022-07-04,うどん　大　６２,＊麺類,62,28,14:00
2022-07-04,きつねうどん,＊麺類,297,8,12:59
2022-07-04,そば　大,＊麺類,62,12,14:04
2022-07-04,Ｔ豪華のり弁～ハンバーグ～,＊内製弁当,450,35,12:23
2022-07-04,Ｔお母さんの豚肉生姜炒め,＊内製弁当,450,26,12:11
2022-07-04,生姜焼き豚,＊主菜,308,91,18:56
2022-07-04,チキンフリッター,＊副菜,130,353,19:27
2022-07-04,温泉玉子,＊副菜,44,35,18:43
2022-07-04,トッピング温泉玉子,＊副菜,44,3,18:44
2022-07-04,温玉ねぎとろ丼Ｍ,＊ライスＦＦ,462,20,19:22
2022-07-04,Ｔ炒飯　ｗｉｔｈ　とんかつ,＊内製弁当,400,24,12:21
2022-07-04,冷やし温玉そば,＊麺類,341,6,14:30
2022-07-04,かき玉汁,＊汁・スープ,33,332,19:27
2022-07-04,冷やしそば,＊麺類,297,8,13:36
2022-07-04,冷やし温玉うどん,＊麺類,341,31,14:18
2022-07-04,唐揚げ玉子あんかけ丼Ｓ,＊ライスＦＦ,352,17,18:24
2022-07-04,ロースカツカレーＬ,＊ライスＦＦ,462,1,19:00
2022-07-04,ロースカツカレーＭ,＊ライスＦＦ,407,5,18:57
2022-07-04,唐揚げカレーＬ,＊ライスＦＦ,462,11,16:57
2022-07-04,唐揚げカレーＳ,＊ライスＦＦ,352,1,11:51
2022-07-04,チキンカツカレーＬ,＊ライスＦＦ,462,9,19:23
2022-07-04,チキンカツカレーＭ,＊ライスＦＦ,407,7,19:26
2022-07-04,唐揚げカレーＭ,＊ライスＦＦ,407,26,17:40
2022-07-04,唐揚げ玉子あんかけ丼Ｍ,＊ライスＦＦ,407,85,18:26
2022-07-04,カレーライスＬ,＊ライスＦＦ,363,5,16:42
2022-07-04,カレーライスＭ,＊ライスＦＦ,308,16,19:28
2022-07-04,カレーライスＳ,＊ライスＦＦ,253,4,19:24
2022-07-04,かけうどん,＊麺類,209,23,14:27
2022-07-04,かけそば,＊麺類,209,2,14:04
2022-07-04,冷やしうどん,＊麺類,297,11,14:15
2022-07-04,チキンカツカレーＳ,＊ライスＦＦ,352,1,19:24
2022-07-05,カレーライスＭ,＊ライスＦＦ,308,12,18:44
2022-07-05,冷やしそば,＊麺類,297,5,12:21
2022-07-05,冷やしうどん,＊麺類,297,28,14:30
2022-07-05,かけそば,＊麺類,209,1,14:31
2022-07-05,かけうどん,＊麺類,209,15,14:29
2022-07-05,カレーライスＳ,＊ライスＦＦ,253,5,19:16
2022-07-05,カレーライスＬ,＊ライスＦＦ,363,2,13:36
2022-07-05,温玉ねぎとろ丼Ｌ,＊ライスＦＦ,517,4,18:28
2022-07-05,チキンカツカレーＭ,＊ライスＦＦ,407,22,19:29
2022-07-05,チキンカツカレーＬ,＊ライスＦＦ,462,15,19:24
2022-07-05,唐揚げカレーＳ,＊ライスＦＦ,352,1,11:50
2022-07-05,唐揚げカレーＭ,＊ライスＦＦ,407,13,14:58
2022-07-05,唐揚げカレーＬ,＊ライスＦＦ,462,8,15:02
2022-07-05,温玉ねぎとろ丼Ｍ,＊ライスＦＦ,462,16,19:08
2022-07-05,冷やし温玉うどん,＊麺類,341,42,14:25
2022-07-05,チキンカツカレーＳ,＊ライスＦＦ,352,7,18:43
2022-07-05,冷やし温玉そば,＊麺類,341,3,12:17
2022-07-05,トッピング温泉玉子,＊副菜,44,7,13:31
2022-07-05,きつねそば,＊麺類,297,6,14:11
2022-07-05,唐揚げ麻婆丼Ｓ,＊ライスＦＦ,352,10,13:31
2022-07-05,温泉玉子,＊副菜,44,42,19:06
2022-07-05,チキンフリッター,＊副菜,130,374,19:30
2022-07-05,鶏肉と根菜の田舎煮,＊主菜,176,146,19:18
2022-07-05,Ｅ白身魚南蛮タルタル,＊主菜,220,197,19:06
2022-07-05,Ｔタラフライ＆とんかつ弁当,＊内製弁当,400,10,12:33
2022-07-05,ＴＤ揚げだしチキン,＊主菜,308,101,19:31
2022-07-05,きつねうどん,＊麺類,297,15,14:18
2022-07-05,Ｔ完熟トマトきのこハンバーグ弁当,＊内製弁当,450,28,13:06
2022-07-05,オクラ海草サラダ,＊副菜,110,99,18:58
2022-07-05,うどん　大　６２,＊麺類,62,39,14:30
2022-07-05,かき玉汁,＊汁・スープ,33,314,19:30
2022-07-05,Ｅローストンカツ味噌ソース,＊主菜,264,91,19:29
2022-07-05,Ｅハンバーグデミソース,＊主菜,220,13,19:30
2022-07-05,Ｅねぎ塩ハンバーグ,＊主菜,220,180,18:59
2022-07-05,胡麻チゲ冷麺,＊麺類,473,64,14:34
2022-07-05,そば　大,＊麺類,62,7,14:11
2022-07-05,唐揚げ麻婆丼Ｍ,＊ライスＦＦ,407,93,13:35
2022-07-05,夏のさっぱり豚汁,＊汁・スープ,110,65,19:12
2022-07-05,サーモンサラダ丼Ｓ,＊ライスＦＦ,407,22,17:31
2022-07-05,ひじき煮,＊副菜,66,127,19:30
2022-07-05,オクラ巣ごもり玉子,＊副菜,88,236,19:31
2022-07-05,ほうれん草胡麻和え,＊副菜,66,234,19:21
2022-07-05,南瓜サラダ,＊副菜,66,140,19:32
2022-07-05,ポテト野菜サラダ,＊副菜,110,24,12:58
2022-07-05,春巻き,＊副菜,110,118,18:51
2022-07-05,豚汁,＊汁・スープ,110,89,19:28
2022-07-05,冷奴,＊副菜,44,90,19:24
2022-07-05,鯖味噌煮,＊主菜,176,71,19:10
2022-07-05,ゆず塩ちゃんこ,＊主菜,264,40,12:39
2022-07-05,麻婆茄子,＊主菜,176,185,19:32
2022-07-05,ブリ照り煮,＊主菜,176,52,19:21
2022-07-05,豚と野菜の生姜炒め,＊主菜,264,84,19:26
2022-07-05,豚野菜柚子胡椒ポン酢炒め,＊主菜,264,33,13:19
2022-07-05,タンドリーチキン弁当,＊内製弁当,500,11,12:45
2022-07-05,鶏きも煮,＊副菜,88,67,19:27
2022-07-05,炭焼きチキン,＊主菜,176,40,18:44
2022-07-05,唐揚げ麻婆丼Ｌ,＊ライスＦＦ,462,37,13:26
2022-07-05,納豆,＊副菜,44,36,19:07
2022-07-05,ミニサラダ,＊副菜,44,182,19:13
2022-07-05,サーモンサラダ丼Ｍ,＊ライスＦＦ,462,74,17:03
2022-07-05,サーモンサラダ丼Ｌ,＊ライスＦＦ,517,20,15:47
2022-07-05,苺とベリーのケーキ,＊ドリンク・デザート,220,41,18:55
2022-07-05,大学生協コーヒー,＊ドリンク・デザート,95,26,18:48
2022-07-05,大学芋,＊ドリンク・デザート,88,96,18:58
2022-07-05,牛乳,＊ドリンク・デザート,85,9,19:28
2022-07-05,焼きプリンタルト,＊ドリンク・デザート,66,41,19:29
2022-07-05,味噌汁,＊汁・スープ,33,318,19:31
2022-07-05,フルーツヨーグルト,＊ドリンク・デザート,110,57,19:27
2022-07-05,ライスＳ,＊ライス単品,94,405,19:31
2022-07-05,ライスＭ,＊ライス単品,115,340,19:30
2022-07-05,ライスＬ,＊ライス単品,136,83,19:14
2022-07-05,ライスＬＬ,＊ライス単品,198,20,19:28
2022-07-05,そぼろきんぴらごぼう,＊副菜,88,89,19:30
2022-07-05,高野豆腐玉子とじ,＊副菜,88,23,19:07
2022-07-05,春雨しそサラダ,＊副菜,88,97,19:28
2022-07-05,ライスＳＳ,＊ライス単品,73,196,19:32
2022-07-05,Ｔしあわせチキン南蛮,＊内製弁当,450,25,12:23
2022-07-05,南瓜コロッケ,＊副菜,110,58,15:08
2022-07-06,そぼろきんぴらごぼう,＊副菜,88,100,19:20
2022-07-06,きつねそば,＊麺類,297,2,12:42
2022-07-06,きつねうどん,＊麺類,297,12,13:34
2022-07-06,冷やし温玉そば,＊麺類,341,6,14:03
2022-07-06,冷やし温玉うどん,＊麺類,341,47,14:27
2022-07-06,冷やしそば,＊麺類,297,4,13:33
2022-07-06,冷やしうどん,＊麺類,297,30,14:25
2022-07-06,胡麻チゲ冷麺,＊麺類,473,76,14:24
2022-07-06,かけそば,＊麺類,209,1,14:10
2022-07-06,カレーライスＭ,＊ライスＦＦ,308,18,19:07
2022-07-06,カレーライスＬ,＊ライスＦＦ,363,9,19:24
2022-07-06,チキンカツカレーＳ,＊ライスＦＦ,352,1,19:22
2022-07-06,チキンカツカレーＭ,＊ライスＦＦ,407,9,19:27
2022-07-06,チキンカツカレーＬ,＊ライスＦＦ,462,8,19:23
2022-07-06,唐揚げカレーＳ,＊ライスＦＦ,352,2,14:45
2022-07-06,かけうどん,＊麺類,209,12,12:56
2022-07-06,唐揚げカレーＭ,＊ライスＦＦ,407,13,16:43
2022-07-06,Ｅチキン香草焼き,＊主菜,264,99,16:51
2022-07-06,Ｅローストンカツ味噌ソース,＊主菜,264,1,19:30
2022-07-06,Ｗガリ玉唐揚げ丼Ｓ,＊ライスＦＦ,407,9,17:49
2022-07-06,ガリ玉唐揚げ丼Ｍ,＊ライスＦＦ,462,119,17:40
2022-07-06,トッピング温泉玉子,＊副菜,44,1,11:37
2022-07-06,温泉玉子,＊副菜,44,38,19:23
2022-07-06,チキンフリッター,＊副菜,130,341,19:28
2022-07-06,鶏大根甘辛煮,＊主菜,176,150,19:04
2022-07-06,Ｅチキンカツポン酢おろし,＊主菜,220,188,19:25
2022-07-06,Ｔ肉じゃがコロッケ＆春巻き肉団子弁当,＊内製弁当,400,21,12:42
2022-07-06,Ｔ鶏肉野菜黒酢弁当,＊内製弁当,450,25,12:34
2022-07-06,そば　大,＊麺類,62,5,12:42
2022-07-06,うどん　大　６２,＊麺類,62,36,14:27
2022-07-06,かき玉汁,＊汁・スープ,33,286,19:30
2022-07-06,Ｅ鶏の塩麹柚子胡椒焼き,＊主菜,308,110,19:26
2022-07-06,Ｅポークミンチカツ,＊主菜,220,63,19:25
2022-07-06,Ｔお～い！ヒレカツ,＊内製弁当,450,35,12:48
2022-07-06,Ｗガリ玉唐揚げ丼Ｌ,＊ライスＦＦ,517,41,17:25
2022-07-06,唐揚げカレーＬ,＊ライスＦＦ,462,6,16:44
2022-07-06,サーモンサラダ丼Ｍ,＊ライスＦＦ,462,101,18:52
2022-07-06,納豆,＊副菜,44,28,19:26
2022-07-06,味噌汁,＊汁・スープ,33,271,19:28
2022-07-06,ミニサラダ,＊副菜,44,163,19:04
2022-07-06,夏のさっぱり豚汁,＊汁・スープ,110,164,19:26
2022-07-06,春雨しそサラダ,＊副菜,88,112,19:30
2022-07-06,高野豆腐玉子とじ,＊副菜,88,24,19:02
2022-07-06,冷奴,＊副菜,44,75,18:48
2022-07-06,蒸し鶏サラダ,＊副菜,110,124,19:28
2022-07-06,ライスＬＬ,＊ライス単品,198,11,19:17
2022-07-06,ライスＬ,＊ライス単品,136,89,19:24
2022-07-06,ライスＭ,＊ライス単品,115,296,19:28
2022-07-06,ライスＳ,＊ライス単品,94,385,19:28
2022-07-06,ライスＳＳ,＊ライス単品,73,190,19:30
2022-07-06,フルーツヨーグルト,＊ドリンク・デザート,110,76,19:17
2022-07-06,大学芋,＊ドリンク・デザート,88,113,19:21
2022-07-06,サーモンサラダ丼Ｓ,＊ライスＦＦ,407,19,18:50
2022-07-06,だし巻き,＊副菜,66,115,19:27
2022-07-06,ほうれん草胡麻和え,＊副菜,66,252,19:06
2022-07-06,サーモンサラダ丼Ｌ,＊ライスＦＦ,517,27,18:52
2022-07-06,苺とベリーのケーキ,＊ドリンク・デザート,220,36,18:54
2022-07-06,大学生協コーヒー,＊ドリンク・デザート,95,31,19:15
2022-07-06,鶏きも煮,＊副菜,88,54,18:39
2022-07-06,ハンバーグ唐揚げ弁当,＊内製弁当,500,25,12:47
2022-07-06,豚と野菜の生姜炒め,＊主菜,264,70,14:01
2022-07-06,オクラ巣ごもり玉子,＊副菜,88,228,19:27
2022-07-06,ブリ照り煮,＊主菜,176,47,19:20
2022-07-06,肉団子と野菜の中華煮,＊主菜,264,122,19:28
2022-07-06,若鶏醤油揚げ,＊主菜,176,102,19:28
2022-07-06,鯖味噌煮,＊主菜,176,96,19:23
2022-07-06,大根牛すじ煮,＊主菜,176,40,18:26
2022-07-06,肉じゃがコロッケ,＊副菜,110,107,19:24
2022-07-06,南瓜サラダ,＊副菜,66,119,18:43
2022-07-06,ホイコーロー,＊主菜,264,78,18:48
2022-07-06,焼きプリンタルト,＊ドリンク・デザート,66,42,19:26
2022-07-06,牛乳,＊ドリンク・デザート,85,7,18:53
2022-07-07,ブリ照り煮,＊主菜,176,55,19:30
2022-07-07,冷やしうどん,＊麺類,297,39,14:23
2022-07-07,かけそば,＊麺類,209,4,13:16
2022-07-07,かけうどん,＊麺類,209,10,12:59
2022-07-07,カレーライスＳ,＊ライスＦＦ,253,6,18:48
2022-07-07,カレーライスＭ,＊ライスＦＦ,308,6,18:30
2022-07-07,カレーライスＬ,＊ライスＦＦ,363,7,19:26
2022-07-07,冷やしそば,＊麺類,297,11,13:42
2022-07-07,唐揚げカレーＳ,＊ライスＦＦ,352,5,16:58
2022-07-07,唐揚げカレーＬ,＊ライスＦＦ,462,15,18:56
2022-07-07,チリマヨ唐揚げ丼Ｓ,＊ライスＦＦ,352,8,16:58
2022-07-07,チリマヨ唐揚げ丼Ｍ,＊ライスＦＦ,407,110,17:21
2022-07-07,チリマヨ唐揚げ丼Ｌ,＊ライスＦＦ,462,42,16:58
2022-07-07,チキンカツ南蛮丼Ｓ,＊ライスＦＦ,352,4,18:27
2022-07-07,チキンカツ南蛮丼Ｍ,＊ライスＦＦ,407,17,19:29
2022-07-07,唐揚げカレーＭ,＊ライスＦＦ,407,27,19:22
2022-07-07,冷やし温玉うどん,＊麺類,341,47,14:10
2022-07-07,冷やし温玉そば,＊麺類,341,6,14:27
2022-07-07,きつねうどん,＊麺類,297,8,14:29
2022-07-07,トッピング温泉玉子,＊副菜,44,12,19:31
2022-07-07,温泉玉子,＊副菜,44,53,19:21
2022-07-07,チキンフリッター,＊副菜,130,344,19:31
2022-07-07,鶏と野菜のカレー煮,＊主菜,176,144,18:57
2022-07-07,Ｔ和惣菜とお魚弁当（鯖みぞれ煮）,＊内製弁当,450,18,12:16
2022-07-07,Ｔ豪華のり弁～塩焼きそば＆コロッケ,＊内製弁当,450,30,12:26
2022-07-07,Ｔ４００チキンステーキ彩り弁当,＊内製弁当,400,31,12:59
2022-07-07,そば　大,＊麺類,62,8,14:27
2022-07-07,うどん　大　６２,＊麺類,62,53,14:29
2022-07-07,かき玉汁,＊汁・スープ,33,296,19:31
2022-07-07,Ｅ揚げ鶏トマトソース,＊主菜,308,96,18:58
2022-07-07,Ｅ豆腐ハンバーグ茸あんかけ,＊主菜,220,79,19:31
2022-07-07,Ｅローストンカツごまソース,＊主菜,264,109,19:29
2022-07-07,Ｅササミチーズタルタルソース,＊主菜,220,146,19:30
2022-07-07,胡麻チゲ冷麺,＊麺類,473,69,14:28
2022-07-07,チキンカツ南蛮丼Ｌ,＊ライスＦＦ,462,6,19:32
2022-07-07,豚野菜柚子胡椒ポン酢炒め,＊主菜,264,75,19:30
2022-07-07,サーモンサラダ丼Ｓ,＊ライスＦＦ,407,11,13:01
2022-07-07,サーモンサラダ丼Ｌ,＊ライスＦＦ,517,22,13:01
2022-07-07,味噌汁,＊汁・スープ,33,255,19:31
2022-07-07,納豆,＊副菜,44,34,19:29
2022-07-07,冷奴,＊副菜,44,97,19:14
2022-07-07,ひじき煮,＊副菜,66,130,19:30
2022-07-07,オクラ巣ごもり玉子,＊副菜,88,238,18:49
2022-07-07,ほうれん草胡麻和え,＊副菜,66,258,19:05
2022-07-07,ミニサラダ,＊副菜,44,189,19:32
2022-07-07,ハッシュポテト,＊副菜,110,103,12:59
2022-07-07,牛肉コロッケ,＊副菜,110,119,18:37
2022-07-07,鯖味噌煮,＊主菜,176,97,18:57
2022-07-07,チゲ豆腐,＊主菜,264,160,18:07
2022-07-07,ホイコーロー,＊主菜,264,99,12:39
2022-07-07,豆腐と野菜のすき焼き風,＊主菜,176,108,19:15
2022-07-07,鶏きも煮,＊副菜,88,71,18:26
2022-07-07,南瓜サラダ,＊副菜,66,119,18:15
2022-07-07,夏のさっぱり豚汁,＊汁・スープ,110,117,18:52
2022-07-07,春雨しそサラダ,＊副菜,88,110,19:31
2022-07-07,高野豆腐玉子とじ,＊副菜,88,24,19:04
2022-07-07,北海道いももち,＊ドリンク・デザート,88,19,19:13
2022-07-07,紅茶のシフォン,＊ドリンク・デザート,220,1,19:03
2022-07-07,苺とベリーのケーキ,＊ドリンク・デザート,220,29,18:19
2022-07-07,大学生協コーヒー,＊ドリンク・デザート,95,40,18:48
2022-07-07,大学芋,＊ドリンク・デザート,88,96,18:48
2022-07-07,牛乳,＊ドリンク・デザート,85,8,19:15
2022-07-07,焼きプリンタルト,＊ドリンク・デザート,66,55,19:12
2022-07-07,フルーツヨーグルト,＊ドリンク・デザート,110,80,19:27
2022-07-07,ライスＳＳ,＊ライス単品,73,204,19:30
2022-07-07,ライスＳ,＊ライス単品,94,390,19:30
2022-07-07,ライスＭ,＊ライス単品,115,306,19:31
2022-07-07,ライスＬ,＊ライス単品,136,97,19:26
2022-07-07,ライスＬＬ,＊ライス単品,198,12,18:46
2022-07-07,そぼろきんぴらごぼう,＊副菜,88,92,19:30
2022-07-07,スパ野菜サラダ,＊副菜,110,87,19:28
2022-07-07,サーモンサラダ丼Ｍ,＊ライスＦＦ,462,68,13:25
2022-07-07,油淋鶏弁当,＊内製弁当,500,30,12:23
2022-07-07,豚汁,＊汁・スープ,110,30,15:26
2022-07-08,オクラ巣ごもり玉子,＊副菜,88,222,19:32
2022-07-08,Ｔ唐揚げ玉子あんかけ弁当,＊内製弁当,450,21,13:08
2022-07-08,Ｔハンバーグ＆エビフライ弁当,＊内製弁当,400,16,12:44
2022-07-08,そば　大,＊麺類,62,8,13:15
2022-07-08,ほうれん草胡麻和え,＊副菜,66,232,19:27
2022-07-08,うどん　大　６２,＊麺類,62,47,14:27
2022-07-08,かき玉汁,＊汁・スープ,33,247,19:32
2022-07-08,Ｔおつかれんこん＆旨塩チキン,＊内製弁当,450,25,12:23
2022-07-08,Ｅハンバーグデミソース,＊主菜,220,124,19:31
2022-07-08,Ｅローストンカツおろしソース,＊主菜,264,93,19:32
2022-07-08,胡麻チゲ冷麺,＊麺類,473,52,14:07
2022-07-08,きつねそば,＊麺類,297,4,13:45
2022-07-08,きつねうどん,＊麺類,297,14,14:20
2022-07-08,冷やし温玉そば,＊麺類,341,9,14:25
2022-07-08,冷やし温玉うどん,＊麺類,341,52,14:33
2022-07-08,Ｅチキンカツチリソース,＊主菜,220,147,19:26
2022-07-08,冷やしそば,＊麺類,297,8,13:34
2022-07-08,鶏肉じゃが,＊主菜,176,51,13:20
2022-07-08,チキンフリッター,＊副菜,130,312,19:32
2022-07-08,ポテト野菜サラダ,＊副菜,110,119,18:38
2022-07-08,豚汁,＊汁・スープ,110,1,17:04
2022-07-08,大根牛すじ煮,＊主菜,176,48,12:20
2022-07-08,鯖味噌煮,＊主菜,176,70,18:34
2022-07-08,鶏のホワイトシチュー,＊主菜,264,111,16:34
2022-07-08,餃子野菜あんかけ,＊主菜,176,59,18:52
2022-07-08,生姜焼き豚,＊主菜,308,74,19:28
2022-07-08,ブリ照り煮,＊主菜,176,35,19:31
2022-07-08,豚と野菜の生姜炒め,＊主菜,264,123,19:31
2022-07-08,梅肉とり天弁当,＊内製弁当,500,20,13:03
2022-07-08,鶏きも煮,＊副菜,88,53,18:18
2022-07-08,南瓜サラダ,＊副菜,66,117,18:39
2022-07-08,トッピング温泉玉子,＊副菜,44,6,18:42
2022-07-08,温泉玉子,＊副菜,44,38,19:31
2022-07-08,鯖塩焼き,＊主菜,176,10,19:29
2022-07-08,冷やしうどん,＊麺類,297,34,14:27
2022-07-08,海老クリームコロッケ,＊副菜,110,100,19:31
2022-07-08,かけうどん,＊麺類,209,9,14:12
2022-07-08,ライスＳＳ,＊ライス単品,73,141,19:29
2022-07-08,ライスＳ,＊ライス単品,94,350,19:31
2022-07-08,だし巻き,＊副菜,66,99,19:27
2022-07-08,冷奴,＊副菜,44,72,19:26
2022-07-08,納豆,＊副菜,44,31,19:29
2022-07-08,味噌汁,＊汁・スープ,33,218,19:31
2022-07-08,フルーツヨーグルト,＊ドリンク・デザート,110,67,18:51
2022-07-08,ミニサラダ,＊副菜,44,166,19:23
2022-07-08,春雨しそサラダ,＊副菜,88,74,19:31
2022-07-08,高野豆腐玉子とじ,＊副菜,88,16,19:08
2022-07-08,そぼろきんぴらごぼう,＊副菜,88,91,19:26
2022-07-08,ライスＬＬ,＊ライス単品,198,11,19:31
2022-07-08,ライスＬ,＊ライス単品,136,63,19:31
2022-07-08,かけそば,＊麺類,209,3,13:19
2022-07-08,夏のさっぱり豚汁,＊汁・スープ,110,168,19:27
2022-07-08,焼きプリンタルト,＊ドリンク・デザート,66,43,19:31
2022-07-08,ライスＭ,＊ライス単品,115,262,19:32
2022-07-08,大学芋,＊ドリンク・デザート,88,83,19:22
2022-07-08,牛乳,＊ドリンク・デザート,85,8,19:28
2022-07-08,カレーライスＭ,＊ライスＦＦ,308,16,18:33
2022-07-08,カレーライスＬ,＊ライスＦＦ,363,7,19:10
2022-07-08,唐揚げカレーＳ,＊ライスＦＦ,352,2,19:15
2022-07-08,カレーライスＳ,＊ライスＦＦ,253,7,19:16
2022-07-08,唐揚げカレーＬ,＊ライスＦＦ,462,15,19:21
2022-07-08,唐揚げ玉子あんかけ丼Ｓ,＊ライスＦＦ,352,10,18:28
2022-07-08,唐揚げカレーＭ,＊ライスＦＦ,407,35,19:29
2022-07-08,唐揚げ玉子あんかけ丼Ｌ,＊ライスＦＦ,462,49,18:35
2022-07-08,サーモンサラダ丼Ｓ,＊ライスＦＦ,407,13,13:57
2022-07-08,サーモンサラダ丼Ｍ,＊ライスＦＦ,462,68,14:07
2022-07-08,サーモンサラダ丼Ｌ,＊ライスＦＦ,517,20,13:43
2022-07-08,北海道いももち,＊ドリンク・デザート,88,102,19:25
2022-07-08,苺とベリーのケーキ,＊ドリンク・デザート,220,21,18:56
2022-07-08,唐揚げ玉子あんかけ丼Ｍ,＊ライスＦＦ,407,63,18:05
2022-07-08,大学生協コーヒー,＊ドリンク・デザート,95,29,19:31
2022-07-11,豚塩カルビ丼Ｍ,＊ライスＦＦ,407,78,17:20
2022-07-11,唐揚げカレーＳ,＊ライスＦＦ,352,4,18:20
2022-07-11,唐揚げカレーＭ,＊ライスＦＦ,407,28,18:13
2022-07-11,唐揚げカレーＬ,＊ライスＦＦ,462,17,18:24
2022-07-11,唐揚げ麻婆丼Ｌ,＊ライスＦＦ,462,41,13:17
2022-07-11,唐揚げ麻婆丼Ｍ,＊ライスＦＦ,407,63,13:35
2022-07-11,豚塩カルビ丼Ｓ,＊ライスＦＦ,352,13,16:27
2022-07-11,唐揚げ麻婆丼Ｓ,＊ライスＦＦ,352,11,13:31
2022-07-11,チキンカツカレーＬ,＊ライスＦＦ,462,4,19:18
2022-07-11,冷やしうどん,＊麺類,297,50,14:35
2022-07-11,チキンカツカレーＳ,＊ライスＦＦ,352,3,18:52
2022-07-11,カレーライスＬ,＊ライスＦＦ,363,9,18:54
2022-07-11,カレーライスＭ,＊ライスＦＦ,308,13,19:29
2022-07-11,カレーライスＳ,＊ライスＦＦ,253,4,19:28
2022-07-11,かけうどん,＊麺類,209,7,13:21
2022-07-11,かけそば,＊麺類,209,3,13:06
2022-07-11,冷やしそば,＊麺類,297,8,13:24
2022-07-11,冷やしおろしうどん,＊麺類,341,38,14:33
2022-07-11,豚塩カルビ丼Ｌ,＊ライスＦＦ,462,57,17:15
2022-07-11,チキンカツカレーＭ,＊ライスＦＦ,407,14,19:30
2022-07-11,北海道いももち,＊ドリンク・デザート,88,115,19:28
2022-07-11,ライスＬＬ,＊ライス単品,198,17,18:53
2022-07-11,大学生協コーヒー,＊ドリンク・デザート,95,35,19:28
2022-07-11,鶏きも煮,＊副菜,88,73,19:21
2022-07-11,チリマヨ唐揚げ弁当,＊内製弁当,500,19,12:28
2022-07-11,鯖塩焼き,＊主菜,176,64,19:28
2022-07-11,ブリ照り煮,＊主菜,176,5,13:02
2022-07-11,麻婆茄子,＊主菜,176,97,18:55
2022-07-11,ごろっと野菜のカレー炒め,＊主菜,264,158,18:28
2022-07-11,鯖味噌煮,＊主菜,176,86,19:02
2022-07-11,南瓜コロッケ,＊副菜,110,88,19:27
2022-07-11,ヘルシーサラダ,＊副菜,88,78,19:30
2022-07-11,ほうれん草胡麻和え,＊副菜,66,283,19:29
2022-07-11,巣ごもり玉子,＊副菜,88,196,19:26
2022-07-11,だし巻き,＊副菜,66,123,19:30
2022-07-11,冷奴,＊副菜,44,16,18:37
2022-07-11,納豆,＊副菜,44,36,19:30
2022-07-11,味噌汁,＊汁・スープ,33,277,19:28
2022-07-11,ミニサラダ,＊副菜,44,194,18:48
2022-07-11,夏のさっぱり豚汁,＊汁・スープ,110,180,18:48
2022-07-11,大学芋,＊ドリンク・デザート,88,82,19:29
2022-07-11,牛乳,＊ドリンク・デザート,85,11,18:54
2022-07-11,焼きプリンタルト,＊ドリンク・デザート,66,50,18:59
2022-07-11,フルーツヨーグルト,＊ドリンク・デザート,110,88,19:21
2022-07-11,レアチーズケーキ,＊ドリンク・デザート,220,17,18:04
2022-07-11,ライスＳＳ,＊ライス単品,73,198,19:28
2022-07-11,紅茶のシフォン,＊ドリンク・デザート,220,4,18:48
2022-07-11,ライスＳ,＊ライス単品,94,409,19:29
2022-07-11,ライスＬ,＊ライス単品,136,87,19:21
2022-07-11,茄子と蒸し鶏のピリ辛和え,＊副菜,88,255,16:57
2022-07-11,しらすひじき,＊副菜,88,165,19:27
2022-07-11,梅オクラ冷奴,＊副菜,88,79,13:33
2022-07-11,ゆずおろし肉団子,＊副菜,66,24,18:10
2022-07-11,蒸し鶏サラダ,＊副菜,110,0,12:36
2022-07-11,ライスＭ,＊ライス単品,115,329,19:30
2022-07-11,鶏のホワイトシチュー,＊主菜,264,118,18:48
2022-07-11,Ｅチキン香草焼き,＊主菜,264,99,19:30
2022-07-11,蒸し鶏胡麻冷麺,＊麺類,473,80,13:00
2022-07-11,冷やしおろしそば,＊麺類,341,11,14:10
2022-07-11,トッピング温泉玉子,＊副菜,44,10,19:27
2022-07-11,温泉玉子,＊副菜,44,56,19:29
2022-07-11,チキンフリッター,＊副菜,130,353,19:29
2022-07-11,Ｅ白身魚南蛮タルタル,＊主菜,220,199,19:21
2022-07-11,Ｔ肉じゃがコロッケ＆ハンバーグ弁当,＊内製弁当,400,20,12:13
2022-07-11,ＴＤ揚げだしチキン,＊主菜,308,109,19:24
2022-07-11,Ｔ肉団子のラタトゥユ弁当,＊内製弁当,450,20,12:40
2022-07-11,きつねそば,＊麺類,297,3,14:00
2022-07-11,きつねうどん,＊麺類,297,7,13:36
2022-07-11,そば　大,＊麺類,62,9,14:03
2022-07-11,オクラ海草サラダ,＊副菜,110,120,19:12
2022-07-11,うどん　大　６２,＊麺類,62,32,14:14
2022-07-11,かき玉汁,＊汁・スープ,33,322,19:29
2022-07-11,Ｅポークミンチカツ,＊主菜,220,2,19:29
2022-07-11,Ｅ豆腐バーグベジトマソース,＊主菜,220,143,18:51
2022-07-11,Ｔ豪華のり弁～若鶏香り揚げ～,＊内製弁当,450,18,13:02
2022-07-11,Ｅローストンカツ味噌ソース,＊主菜,264,95,19:27
2022-07-12,茄子と蒸し鶏のピリ辛和え,＊副菜,88,239,18:46
2022-07-12,ライスＬＬ,＊ライス単品,198,12,19:08
2022-07-12,ライスＬ,＊ライス単品,136,89,19:28
2022-07-12,ライスＭ,＊ライス単品,115,269,19:31
2022-07-12,ライスＳ,＊ライス単品,94,360,19:30
2022-07-12,ライスＳＳ,＊ライス単品,73,194,19:31
2022-07-12,レアチーズケーキ,＊ドリンク・デザート,220,36,19:21
2022-07-12,牛乳,＊ドリンク・デザート,85,11,17:53
2022-07-12,焼きプリンタルト,＊ドリンク・デザート,66,34,19:06
2022-07-12,しらすひじき,＊副菜,88,81,19:27
2022-07-12,大学芋,＊ドリンク・デザート,88,94,19:31
2022-07-12,大学生協コーヒー,＊ドリンク・デザート,95,33,19:30
2022-07-12,豚塩カルビ丼Ｌ,＊ライスＦＦ,462,51,18:55
2022-07-12,豚塩カルビ丼Ｍ,＊ライスＦＦ,407,85,19:04
2022-07-12,豚塩カルビ丼Ｓ,＊ライスＦＦ,352,10,18:06
2022-07-12,和風カツ丼Ｌ,＊ライスＦＦ,462,11,19:12
2022-07-12,フルーツヨーグルト,＊ドリンク・デザート,110,77,19:17
2022-07-12,梅オクラ冷奴,＊副菜,88,80,16:53
2022-07-12,ミニサラダ,＊副菜,44,155,19:00
2022-07-12,蒸し鶏サラダ,＊副菜,110,91,19:29
2022-07-12,鶏きも煮,＊副菜,88,53,19:09
2022-07-12,ハンバーグ唐揚げ弁当,＊内製弁当,500,19,13:17
2022-07-12,鯖塩焼き,＊主菜,176,70,19:30
2022-07-12,ブリ照り煮,＊主菜,176,3,11:36
2022-07-12,ごろっと野菜のカレー炒め,＊主菜,264,141,19:26
2022-07-12,肉団子と野菜の中華煮,＊主菜,264,80,18:19
2022-07-12,若鶏醤油揚げ,＊主菜,176,95,19:30
2022-07-12,鯖味噌煮,＊主菜,176,71,19:27
2022-07-12,大根牛すじ煮,＊主菜,176,74,19:10
2022-07-12,肉じゃがコロッケ,＊副菜,110,107,19:31
2022-07-12,ヘルシーサラダ,＊副菜,88,71,19:31
2022-07-12,和風カツ丼Ｍ,＊ライスＦＦ,407,17,19:24
2022-07-12,巣ごもり玉子,＊副菜,88,173,19:30
2022-07-12,きんぴらごぼう,＊副菜,66,108,19:29
2022-07-12,納豆,＊副菜,44,29,19:21
2022-07-12,味噌汁,＊汁・スープ,33,261,19:31
2022-07-12,夏のさっぱり豚汁,＊汁・スープ,110,157,19:30
2022-07-12,ゆずおろし肉団子,＊副菜,66,24,19:17
2022-07-12,ほうれん草胡麻和え,＊副菜,66,202,19:31
2022-07-12,和風カツ丼Ｓ,＊ライスＦＦ,352,2,19:31
2022-07-12,ロースカツカレーＭ,＊ライスＦＦ,407,8,19:05
2022-07-12,Ｅ鶏の塩麹柚子胡椒焼き,＊主菜,308,96,19:31
2022-07-12,かき玉汁,＊汁・スープ,33,289,19:31
2022-07-12,うどん　大　６２,＊麺類,62,40,14:17
2022-07-12,そば　大,＊麺類,62,6,13:39
2022-07-12,Ｔ４００アジフライ彩り弁当,＊内製弁当,400,13,12:44
2022-07-12,Ｔ炒飯中華三昧,＊内製弁当,450,21,13:17
2022-07-12,Ｅポークミンチカツ,＊主菜,220,87,19:21
2022-07-12,Ｔおーい！チキンカツ,＊内製弁当,450,21,12:23
2022-07-12,チキンフリッター,＊副菜,130,326,19:31
2022-07-12,温泉玉子,＊副菜,44,39,19:28
2022-07-12,トッピング温泉玉子,＊副菜,44,2,12:53
2022-07-12,ガリ玉唐揚げ丼Ｍ,＊ライスＦＦ,462,85,16:55
2022-07-12,Ｗガリ玉唐揚げ丼Ｓ,＊ライスＦＦ,407,7,13:41
2022-07-12,Ｗガリ玉唐揚げ丼Ｌ,＊ライスＦＦ,517,39,15:15
2022-07-12,ロースカツカレーＬ,＊ライスＦＦ,462,4,19:09
2022-07-12,Ｅ豆腐バーグベジトマソース,＊主菜,220,116,19:31
2022-07-12,鶏大根甘辛煮,＊主菜,176,147,19:10
2022-07-12,きつねそば,＊麺類,297,1,12:31
2022-07-12,Ｅチキンカツポン酢おろし,＊主菜,220,176,19:25
2022-07-12,ロースカツカレーＳ,＊ライスＦＦ,352,2,19:30
2022-07-12,唐揚げカレーＬ,＊ライスＦＦ,462,11,15:46
2022-07-12,唐揚げカレーＭ,＊ライスＦＦ,407,10,15:24
2022-07-12,カレーライスＬ,＊ライスＦＦ,363,8,18:30
2022-07-12,カレーライスＭ,＊ライスＦＦ,308,10,18:45
2022-07-12,カレーライスＳ,＊ライスＦＦ,253,1,19:31
2022-07-12,唐揚げカレーＳ,＊ライスＦＦ,352,3,15:11
2022-07-12,かけそば,＊麺類,209,3,13:41
2022-07-12,冷やしうどん,＊麺類,297,25,14:14
2022-07-12,冷やしそば,＊麺類,297,5,14:09
2022-07-12,冷やしおろしうどん,＊麺類,341,20,13:59
2022-07-12,冷やしおろしそば,＊麺類,341,8,13:39
2022-07-12,蒸し鶏胡麻冷麺,＊麺類,473,73,14:29
2022-07-12,かけうどん,＊麺類,209,20,14:17
2022-07-12,きつねうどん,＊麺類,297,10,13:28
2022-07-13,納豆,＊副菜,44,24,18:58
2022-07-13,味噌汁,＊汁・スープ,33,211,19:29
2022-07-13,ミニサラダ,＊副菜,44,174,18:28
2022-07-13,ゆずおろし肉団子,＊副菜,66,34,19:15
2022-07-13,スパ野菜サラダ,＊副菜,110,93,19:28
2022-07-13,梅オクラ冷奴,＊副菜,88,79,17:12
2022-07-13,だし巻き,＊副菜,66,113,19:25
2022-07-13,夏のさっぱり豚汁,＊汁・スープ,110,157,19:27
2022-07-13,巣ごもり玉子,＊副菜,88,154,19:29
2022-07-13,鯖塩焼き,＊主菜,176,69,19:17
2022-07-13,ハッシュポテト,＊副菜,110,164,19:27
2022-07-13,ヘルシーサラダ,＊副菜,88,56,19:25
2022-07-13,牛肉コロッケ,＊副菜,110,99,19:26
2022-07-13,鯖味噌煮,＊主菜,176,84,19:24
2022-07-13,チゲ豆腐,＊主菜,264,169,16:56
2022-07-13,ごろっと野菜のカレー炒め,＊主菜,264,118,19:27
2022-07-13,豆腐と野菜のすき焼き風,＊主菜,176,112,19:16
2022-07-13,油淋鶏弁当,＊内製弁当,500,25,12:21
2022-07-13,鶏きも煮,＊副菜,88,62,19:23
2022-07-13,ほうれん草胡麻和え,＊副菜,66,201,19:30
2022-07-13,しらすひじき,＊副菜,88,108,19:26
2022-07-13,ライスＬ,＊ライス単品,136,86,19:27
2022-07-13,ライスＬＬ,＊ライス単品,198,8,19:20
2022-07-13,冷やしそば,＊麺類,297,9,14:29
2022-07-13,冷やしおろしうどん,＊麺類,341,26,14:27
2022-07-13,冷やしおろしそば,＊麺類,341,14,13:35
2022-07-13,きつねうどん,＊麺類,297,8,12:52
2022-07-13,きつねそば,＊麺類,297,1,11:54
2022-07-13,Ｅササミチーズタルタルソース,＊主菜,220,141,19:27
2022-07-13,Ｅローストンカツごまソース,＊主菜,264,109,19:28
2022-07-13,Ｅ豆腐バーグベジトマソース,＊主菜,220,93,19:26
2022-07-13,かき玉汁,＊汁・スープ,33,240,19:28
2022-07-13,うどん　大　６２,＊麺類,62,32,14:31
2022-07-13,そば　大,＊麺類,62,7,13:18
2022-07-13,Ｔとんかつ玉子あんかけ弁当,＊内製弁当,450,30,12:26
2022-07-13,Ｔ唐揚げきのこのこのこ弁当,＊内製弁当,450,25,12:23
2022-07-13,Ｔオムレツ＆ハンバーグ弁当,＊内製弁当,400,30,12:31
2022-07-13,揚げ鶏きのこ中華あんかけ,＊主菜,308,46,19:18
2022-07-13,ウインナーと野菜のポトフ,＊主菜,176,120,13:15
2022-07-13,チキンフリッター,＊副菜,130,328,19:26
2022-07-13,温泉玉子,＊副菜,44,35,19:26
2022-07-13,トッピング温泉玉子,＊副菜,44,13,18:31
2022-07-13,冷やしうどん,＊麺類,297,32,14:31
2022-07-13,かけそば,＊麺類,209,1,12:06
2022-07-13,蒸し鶏胡麻冷麺,＊麺類,473,77,14:31
2022-07-13,カレーライスＳ,＊ライスＦＦ,253,1,14:59
2022-07-13,ライスＭ,＊ライス単品,115,292,19:28
2022-07-13,ライスＳ,＊ライス単品,94,327,19:26
2022-07-13,ライスＳＳ,＊ライス単品,73,213,19:28
2022-07-13,レアチーズケーキ,＊ドリンク・デザート,220,29,19:11
2022-07-13,フルーツヨーグルト,＊ドリンク・デザート,110,74,19:26
2022-07-13,かけうどん,＊麺類,209,9,13:34
2022-07-13,牛乳,＊ドリンク・デザート,85,5,18:18
2022-07-13,大学芋,＊ドリンク・デザート,88,91,19:25
2022-07-13,大学生協コーヒー,＊ドリンク・デザート,95,29,19:02
2022-07-13,豚塩カルビ丼Ｌ,＊ライスＦＦ,462,54,19:26
2022-07-13,焼きプリンタルト,＊ドリンク・デザート,66,56,19:30
2022-07-13,豚塩カルビ丼Ｓ,＊ライスＦＦ,352,18,18:41
2022-07-13,豚塩カルビ丼Ｍ,＊ライスＦＦ,407,89,19:25
2022-07-13,カレーライスＭ,＊ライスＦＦ,308,11,16:52
2022-07-13,カレーライスＬ,＊ライスＦＦ,363,3,18:34
2022-07-13,唐揚げカレーＳ,＊ライスＦＦ,352,2,11:44
2022-07-13,唐揚げカレーＭ,＊ライスＦＦ,407,24,19:29
2022-07-13,茄子と蒸し鶏のピリ辛和え,＊副菜,88,247,19:22
2022-07-13,唐揚げカレーＬ,＊ライスＦＦ,462,12,18:18
2022-07-13,チリマヨ唐揚げ丼Ｓ,＊ライスＦＦ,352,10,18:32
2022-07-13,チリマヨ唐揚げ丼Ｍ,＊ライスＦＦ,407,105,19:30
2022-07-13,チリマヨ唐揚げ丼Ｌ,＊ライスＦＦ,462,44,19:13
2022-07-14,梅肉とり天弁当,＊内製弁当,500,25,12:38
2022-07-14,鯖塩焼き,＊主菜,176,80,19:31
2022-07-14,餃子野菜あんかけ,＊主菜,176,96,19:28
2022-07-14,ごろっと野菜のカレー炒め,＊主菜,264,138,19:12
2022-07-14,ゆず塩ちゃんこ,＊主菜,264,125,18:52
2022-07-14,鯖味噌煮,＊主菜,176,78,19:25
2022-07-14,春巻き,＊副菜,110,98,18:00
2022-07-14,ポテト野菜サラダ,＊副菜,110,116,19:06
2022-07-14,海老クリームコロッケ,＊副菜,110,110,19:29
2022-07-14,ヘルシーサラダ,＊副菜,88,65,19:32
2022-07-14,鶏きも煮,＊副菜,88,57,19:27
2022-07-14,トッピング温泉玉子,＊副菜,44,4,12:44
2022-07-14,巣ごもり玉子,＊副菜,88,192,19:31
2022-07-14,唐揚げカレーＳ,＊ライスＦＦ,352,1,11:24
2022-07-14,カレーライスＬ,＊ライスＦＦ,363,6,18:28
2022-07-14,カレーライスＭ,＊ライスＦＦ,308,6,19:03
2022-07-14,カレーライスＳ,＊ライスＦＦ,253,4,18:03
2022-07-14,かけうどん,＊麺類,209,21,14:00
2022-07-14,かけそば,＊麺類,209,2,11:59
2022-07-14,冷やしうどん,＊麺類,297,23,14:33
2022-07-14,冷やしそば,＊麺類,297,1,13:20
2022-07-14,冷やしおろしうどん,＊麺類,341,29,14:21
2022-07-14,冷やしおろしそば,＊麺類,341,7,14:27
2022-07-14,蒸し鶏胡麻冷麺,＊麺類,473,65,14:18
2022-07-14,きつねうどん,＊麺類,297,18,14:21
2022-07-14,きつねそば,＊麺類,297,4,12:58
2022-07-14,Ｅローストンカツおろしソース,＊主菜,264,160,19:24
2022-07-14,Ｅチキンカツチリソース,＊主菜,220,139,19:31
2022-07-14,Ｅ豆腐バーグベジトマソース,＊主菜,220,88,19:30
2022-07-14,かき玉汁,＊汁・スープ,33,316,19:30
2022-07-14,うどん　大　６２,＊麺類,62,41,14:21
2022-07-14,そば　大,＊麺類,62,7,13:41
2022-07-14,Ｔ炒飯　ｗｉｔｈ　とんかつ,＊内製弁当,400,30,12:29
2022-07-14,Ｔお母さんの豚肉生姜炒め,＊内製弁当,450,25,12:10
2022-07-14,Ｔ豪華のり弁～ハンバーグ～,＊内製弁当,450,34,12:36
2022-07-14,鶏肉じゃが,＊主菜,176,126,13:16
2022-07-14,チキンフリッター,＊副菜,130,323,19:28
2022-07-14,温泉玉子,＊副菜,44,52,19:26
2022-07-14,唐揚げカレーＭ,＊ライスＦＦ,407,26,18:54
2022-07-14,ほうれん草胡麻和え,＊副菜,66,193,19:30
2022-07-14,唐揚げカレーＬ,＊ライスＦＦ,462,11,19:18
2022-07-14,唐揚げ玉子あんかけ丼Ｍ,＊ライスＦＦ,407,94,19:32
2022-07-14,きんぴらごぼう,＊副菜,66,120,18:46
2022-07-14,納豆,＊副菜,44,40,19:31
2022-07-14,味噌汁,＊汁・スープ,33,266,19:28
2022-07-14,ミニサラダ,＊副菜,44,182,19:31
2022-07-14,夏のさっぱり豚汁,＊汁・スープ,110,167,19:32
2022-07-14,ゆずおろし肉団子,＊副菜,66,33,19:22
2022-07-14,梅オクラ冷奴,＊副菜,88,79,18:05
2022-07-14,しらすひじき,＊副菜,88,95,19:05
2022-07-14,茄子と蒸し鶏のピリ辛和え,＊副菜,88,236,18:53
2022-07-14,ライスＬＬ,＊ライス単品,198,9,18:36
2022-07-14,ライスＬ,＊ライス単品,136,79,19:31
2022-07-14,ライスＭ,＊ライス単品,115,300,19:31
2022-07-14,ライスＳ,＊ライス単品,94,388,19:30
2022-07-14,ライスＳＳ,＊ライス単品,73,185,19:28
2022-07-14,レアチーズケーキ,＊ドリンク・デザート,220,16,18:01
2022-07-14,フルーツヨーグルト,＊ドリンク・デザート,110,56,19:23
2022-07-14,焼きプリンタルト,＊ドリンク・デザート,66,46,19:07
2022-07-14,牛乳,＊ドリンク・デザート,85,9,18:39
2022-07-14,大学芋,＊ドリンク・デザート,88,104,19:15
2022-07-14,大学生協コーヒー,＊ドリンク・デザート,95,28,18:50
2022-07-14,紅茶のシフォン,＊ドリンク・デザート,220,4,19:05
2022-07-14,豚塩カルビ丼Ｌ,＊ライスＦＦ,462,37,19:18
2022-07-14,豚塩カルビ丼Ｍ,＊ライスＦＦ,407,103,19:26
2022-07-14,豚塩カルビ丼Ｓ,＊ライスＦＦ,352,13,18:38
2022-07-14,唐揚げ玉子あんかけ丼Ｌ,＊ライスＦＦ,462,49,19:05
2022-07-14,唐揚げ玉子あんかけ丼Ｓ,＊ライスＦＦ,352,10,19:20
2022-07-14,ハッシュポテト,＊副菜,110,36,19:23
2022-07-14,生姜焼き豚,＊主菜,308,94,19:30
2022-07-15,うどん　大　６２,＊麺類,62,37,14:25
2022-07-15,大学生協コーヒー,＊ドリンク・デザート,95,41,19:25
2022-07-15,北海道いももち,＊ドリンク・デザート,88,90,18:20
2022-07-15,豚塩カルビ丼Ｌ,＊ライスＦＦ,462,46,19:19
2022-07-15,豚塩カルビ丼Ｍ,＊ライスＦＦ,407,71,19:22
2022-07-15,豚塩カルビ丼Ｓ,＊ライスＦＦ,352,16,19:14
2022-07-15,唐揚げ麻婆丼Ｌ,＊ライスＦＦ,462,47,15:06
2022-07-15,唐揚げ麻婆丼Ｍ,＊ライスＦＦ,407,114,17:13
2022-07-15,唐揚げ麻婆丼Ｓ,＊ライスＦＦ,352,16,16:32
2022-07-15,唐揚げカレーＬ,＊ライスＦＦ,462,15,19:20
2022-07-15,唐揚げカレーＭ,＊ライスＦＦ,407,22,19:20
2022-07-15,唐揚げカレーＳ,＊ライスＦＦ,352,1,13:07
2022-07-15,大学芋,＊ドリンク・デザート,88,84,19:27
2022-07-15,カレーライスＬ,＊ライスＦＦ,363,3,19:14
2022-07-15,カレーライスＳ,＊ライスＦＦ,253,3,19:01
2022-07-15,かけうどん,＊麺類,209,20,14:26
2022-07-15,かけそば,＊麺類,209,3,14:27
2022-07-15,冷やしうどん,＊麺類,297,37,14:10
2022-07-15,冷やしそば,＊麺類,297,5,14:10
2022-07-15,冷やしおろしうどん,＊麺類,341,33,14:25
2022-07-15,冷やしおろしそば,＊麺類,341,10,13:51
2022-07-15,蒸し鶏胡麻冷麺,＊麺類,473,51,14:16
2022-07-15,きつねうどん,＊麺類,297,10,14:05
2022-07-15,きつねそば,＊麺類,297,2,13:34
2022-07-15,Ｅローストンカツ味噌ソース,＊主菜,264,95,19:26
2022-07-15,カレーライスＭ,＊ライスＦＦ,308,8,19:25
2022-07-15,牛乳,＊ドリンク・デザート,85,7,19:25
2022-07-15,焼きプリンタルト,＊ドリンク・デザート,66,39,19:19
2022-07-15,フルーツヨーグルト,＊ドリンク・デザート,110,77,18:54
2022-07-15,鯖塩焼き,＊主菜,176,44,19:25
2022-07-15,麻婆豆腐,＊主菜,176,50,18:35
2022-07-15,鶏のホワイトシチュー,＊主菜,264,111,18:39
2022-07-15,ごろっと野菜のカレー炒め,＊主菜,264,93,19:24
2022-07-15,鯖味噌煮,＊主菜,176,63,19:19
2022-07-15,南瓜コロッケ,＊副菜,110,109,19:24
2022-07-15,ヘルシーサラダ,＊副菜,88,71,19:26
2022-07-15,ほうれん草胡麻和え,＊副菜,66,194,19:30
2022-07-15,巣ごもり玉子,＊副菜,88,155,19:17
2022-07-15,だし巻き,＊副菜,66,96,19:25
2022-07-15,冷奴,＊副菜,44,28,19:29
2022-07-15,納豆,＊副菜,44,25,19:21
2022-07-15,味噌汁,＊汁・スープ,33,198,19:29
2022-07-15,ミニサラダ,＊副菜,44,165,18:44
2022-07-15,夏のさっぱり豚汁,＊汁・スープ,110,125,19:30
2022-07-15,ゆずおろし肉団子,＊副菜,66,12,14:49
2022-07-15,梅オクラ冷奴,＊副菜,88,43,13:19
2022-07-15,しらすひじき,＊副菜,88,87,19:27
2022-07-15,茄子と蒸し鶏のピリ辛和え,＊副菜,88,224,19:15
2022-07-15,ライスＬＬ,＊ライス単品,198,16,19:24
2022-07-15,ライスＬ,＊ライス単品,136,75,19:29
2022-07-15,ライスＭ,＊ライス単品,115,257,19:28
2022-07-15,ライスＳ,＊ライス単品,94,299,19:30
2022-07-15,ライスＳＳ,＊ライス単品,73,144,19:30
2022-07-15,レアチーズケーキ,＊ドリンク・デザート,220,17,17:58
2022-07-15,Ｅ豆腐バーグベジトマソース,＊主菜,220,80,19:25
2022-07-15,タンドリーチキン弁当,＊内製弁当,500,20,12:23
2022-07-15,かき玉汁,＊汁・スープ,33,239,19:28
2022-07-15,オクラ海草サラダ,＊副菜,110,91,19:29
2022-07-15,トッピング温泉玉子,＊副菜,44,16,19:29
2022-07-15,温泉玉子,＊副菜,44,40,19:19
2022-07-15,チキンフリッター,＊副菜,130,313,19:30
2022-07-15,鶏肉と根菜の田舎煮,＊主菜,176,118,19:29
2022-07-15,Ｅ白身魚南蛮タルタル,＊主菜,220,174,19:29
2022-07-15,鶏きも煮,＊副菜,88,48,19:22
2022-07-15,ＴＤ揚げだしチキン,＊主菜,308,85,19:30
2022-07-15,Ｔ完熟トマトきのこハンバーグ弁当,＊内製弁当,450,30,12:30
2022-07-15,Ｔしあわせチキン南蛮,＊内製弁当,450,30,12:16
2022-07-15,そば　大,＊麺類,62,9,14:10
2022-07-15,Ｔタラフライ＆とんかつ弁当,＊内製弁当,400,28,13:08
2022-07-19,蒸し鶏のシーザー和え,＊副菜,88,164,18:42
2022-07-19,ライスＬＬ,＊ライス単品,198,11,19:18
2022-07-19,ライスＬ,＊ライス単品,136,87,19:30
2022-07-19,ライスＭ,＊ライス単品,115,287,19:30
2022-07-19,ライスＳ,＊ライス単品,94,420,19:30
2022-07-19,ライスＳＳ,＊ライス単品,73,210,19:29
2022-07-19,フルーツヨーグルト,＊ドリンク・デザート,110,64,19:27
2022-07-19,焼きプリンタルト,＊ドリンク・デザート,66,26,19:13
2022-07-19,牛乳,＊ドリンク・デザート,85,8,17:49
2022-07-19,ティラミス,＊ドリンク・デザート,220,24,19:25
2022-07-19,大学生協コーヒー,＊ドリンク・デザート,95,23,17:49
2022-07-19,ピリ辛サーモン丼Ｌ,＊ライスＦＦ,517,36,19:31
2022-07-19,ピリ辛サーモン丼Ｍ,＊ライスＦＦ,462,71,19:26
2022-07-19,ピリ辛サーモン丼Ｓ,＊ライスＦＦ,407,17,19:23
2022-07-19,チリマヨ唐揚げ丼Ｌ,＊ライスＦＦ,462,47,19:18
2022-07-19,チリマヨ唐揚げ丼Ｍ,＊ライスＦＦ,407,78,19:29
2022-07-19,チリマヨ唐揚げ丼Ｓ,＊ライスＦＦ,352,4,17:49
2022-07-19,唐揚げカレーＬ,＊ライスＦＦ,462,13,18:56
2022-07-19,唐揚げカレーＭ,＊ライスＦＦ,407,24,18:42
2022-07-19,大学芋,＊ドリンク・デザート,88,76,19:30
2022-07-19,ツナといんげんの胡麻和え,＊副菜,88,123,18:27
2022-07-19,がんもどき,＊副菜,66,18,19:03
2022-07-19,スパ野菜サラダ,＊副菜,110,70,19:28
2022-07-19,鶏きも煮,＊副菜,88,54,17:59
2022-07-19,ハンバーグ唐揚げ弁当,＊内製弁当,500,20,12:31
2022-07-19,鯖塩焼き,＊主菜,176,9,11:50
2022-07-19,ブリ照り煮,＊主菜,176,48,19:30
2022-07-19,豆腐と野菜のすき焼き風,＊主菜,176,117,19:29
2022-07-19,鶏と緑黄色野菜のごま味噌炒め,＊主菜,264,161,18:25
2022-07-19,チゲ豆腐,＊主菜,264,154,16:44
2022-07-19,鯖味噌煮,＊主菜,176,15,12:30
2022-07-19,鯖生姜煮,＊主菜,176,61,19:27
2022-07-19,牛肉コロッケ,＊副菜,110,120,19:30
2022-07-19,ハッシュポテト,＊副菜,110,97,14:27
2022-07-19,ほうれん草胡麻和え,＊副菜,66,209,19:29
2022-07-19,巣ごもり玉子,＊副菜,88,200,19:30
2022-07-19,ひじき煮,＊副菜,66,114,19:28
2022-07-19,冷奴,＊副菜,44,65,19:27
2022-07-19,納豆,＊副菜,44,35,19:30
2022-07-19,カレーライスＭ,＊ライスＦＦ,308,15,19:20
2022-07-19,ミニサラダ,＊副菜,44,162,19:31
2022-07-19,夏のさっぱり豚汁,＊汁・スープ,110,168,19:30
2022-07-19,ねばとろオクラ,＊副菜,88,199,19:22
2022-07-19,味噌汁,＊汁・スープ,33,256,19:29
2022-07-19,カレーライスＳ,＊ライスＦＦ,253,2,14:59
2022-07-19,かけうどん,＊麺類,209,13,13:43
2022-07-19,唐揚げカレーＳ,＊ライスＦＦ,352,5,18:49
2022-07-19,トッピング温泉玉子,＊副菜,44,4,19:23
2022-07-19,温泉玉子,＊副菜,44,47,19:15
2022-07-19,チキンフリッター,＊副菜,130,315,19:28
2022-07-19,Ｔ肉じゃがコロッケ＆春巻き肉団子弁当,＊内製弁当,400,19,12:54
2022-07-19,Ｔお～い！ヒレカツ,＊内製弁当,450,25,12:49
2022-07-19,Ｔ鶏肉野菜黒酢弁当,＊内製弁当,450,25,12:49
2022-07-19,そば　大,＊麺類,62,7,14:11
2022-07-19,うどん　大　６２,＊麺類,62,20,14:12
2022-07-19,かき玉汁,＊汁・スープ,33,282,19:29
2022-07-19,Ｅ揚げ鶏トマトソース,＊主菜,308,107,18:59
2022-07-19,カレーライスＬ,＊ライスＦＦ,363,7,19:28
2022-07-19,Ｅ豆腐ハンバーグ茸あんかけ,＊主菜,220,115,19:30
2022-07-19,Ｅチキンカツ梅タルソース,＊主菜,220,191,19:30
2022-07-19,冷やしうどん,＊麺類,297,15,14:30
2022-07-19,冷やしそば,＊麺類,297,6,12:34
2022-07-19,鶏そぼろ冷麺,＊麺類,473,48,14:18
2022-07-19,冷やし山かけうどん,＊麺類,341,16,14:27
2022-07-19,かけそば,＊麺類,209,6,12:47
2022-07-19,きつねうどん,＊麺類,297,23,14:10
2022-07-19,Ｅチキン香草焼き,＊主菜,264,69,13:41
2022-07-19,冷やし山かけそば,＊麺類,341,10,14:11
2022-07-19,きつねそば,＊麺類,297,3,13:44
2022-07-19,Ｅローストンカツごまソース,＊主菜,264,93,19:26
2022-07-20,ピリ辛サーモン丼Ｓ,＊ライスＦＦ,407,10,19:21
2022-07-20,唐揚げ玉子あんかけ丼Ｌ,＊ライスＦＦ,462,40,19:28
2022-07-20,唐揚げ玉子あんかけ丼Ｍ,＊ライスＦＦ,407,78,19:21
2022-07-20,唐揚げ玉子あんかけ丼Ｓ,＊ライスＦＦ,352,11,18:48
2022-07-20,唐揚げカレーＬ,＊ライスＦＦ,462,14,18:42
2022-07-20,冷やし山かけうどん,＊麺類,341,34,14:23
2022-07-20,カレーライスＭ,＊ライスＦＦ,308,10,18:51
2022-07-20,カレーライスＳ,＊ライスＦＦ,253,5,19:22
2022-07-20,かけうどん,＊麺類,209,10,13:44
2022-07-20,かけそば,＊麺類,209,4,19:14
2022-07-20,冷やしうどん,＊麺類,297,25,14:16
2022-07-20,冷やしそば,＊麺類,297,9,14:21
2022-07-20,鶏そぼろ冷麺,＊麺類,473,55,14:23
2022-07-20,カレーライスＬ,＊ライスＦＦ,363,4,19:12
2022-07-20,きつねうどん,＊麺類,297,12,14:29
2022-07-20,きつねそば,＊麺類,297,2,12:13
2022-07-20,トッピング温泉玉子,＊副菜,44,6,18:48
2022-07-20,温泉玉子,＊副菜,44,40,19:24
2022-07-20,チキンフリッター,＊副菜,130,364,19:27
2022-07-20,生姜焼き豚,＊主菜,308,103,19:31
2022-07-20,鶏肉じゃが,＊主菜,176,126,14:16
2022-07-20,Ｔ和惣菜とお魚弁当（鯖みぞれ煮）,＊内製弁当,450,21,13:10
2022-07-20,冷やし山かけそば,＊麺類,341,19,14:25
2022-07-20,Ｔ豪華のり弁～塩焼きそば＆コロッケ,＊内製弁当,450,26,13:09
2022-07-20,そば　大,＊麺類,62,14,14:05
2022-07-20,うどん　大　６２,＊麺類,62,29,13:51
2022-07-20,かき玉汁,＊汁・スープ,33,282,19:28
2022-07-20,ピリ辛サーモン丼Ｍ,＊ライスＦＦ,462,85,19:23
2022-07-20,Ｅハンバーグデミソース,＊主菜,220,118,19:23
2022-07-20,Ｅローストンカツおろしソース,＊主菜,264,105,19:22
2022-07-20,Ｔ４００チキンステーキ彩り弁当,＊内製弁当,400,20,12:34
2022-07-20,Ｅチキンカツ梅タルソース,＊主菜,220,194,19:30
2022-07-20,唐揚げカレーＭ,＊ライスＦＦ,407,22,18:54
2022-07-20,ティラミス,＊ドリンク・デザート,220,33,19:22
2022-07-20,鶏きも煮,＊副菜,88,53,18:12
2022-07-20,油淋鶏弁当,＊内製弁当,500,30,12:19
2022-07-20,ブリ照り煮,＊主菜,176,42,19:30
2022-07-20,餃子野菜あんかけ,＊主菜,176,90,19:31
2022-07-20,北海道いももち,＊ドリンク・デザート,88,85,19:30
2022-07-20,ゆず塩ちゃんこ,＊主菜,264,101,18:03
2022-07-20,鯖生姜煮,＊主菜,176,75,19:24
2022-07-20,ポテト野菜サラダ,＊副菜,110,120,19:00
2022-07-20,海老クリームコロッケ,＊副菜,110,121,19:27
2022-07-20,ほうれん草胡麻和え,＊副菜,66,194,19:30
2022-07-20,巣ごもり玉子,＊副菜,88,167,19:31
2022-07-20,だし巻き,＊副菜,66,99,19:24
2022-07-20,冷奴,＊副菜,44,84,19:24
2022-07-20,納豆,＊副菜,44,26,19:25
2022-07-20,味噌汁,＊汁・スープ,33,237,19:31
2022-07-20,鶏と緑黄色野菜のごま味噌炒め,＊主菜,264,162,19:15
2022-07-20,夏のさっぱり豚汁,＊汁・スープ,110,184,19:30
2022-07-20,ミニサラダ,＊副菜,44,179,19:31
2022-07-20,大学生協コーヒー,＊ドリンク・デザート,95,30,19:11
2022-07-20,大学芋,＊ドリンク・デザート,88,94,19:12
2022-07-20,牛乳,＊ドリンク・デザート,85,9,19:14
2022-07-20,焼きプリンタルト,＊ドリンク・デザート,66,40,19:30
2022-07-20,フルーツヨーグルト,＊ドリンク・デザート,110,66,18:51
2022-07-20,ライスＳＳ,＊ライス単品,73,196,19:30
2022-07-20,ピリ辛サーモン丼Ｌ,＊ライスＦＦ,517,24,18:48
2022-07-20,ライスＭ,＊ライス単品,115,324,19:31
2022-07-20,ライスＬ,＊ライス単品,136,94,19:24
2022-07-20,ライスＬＬ,＊ライス単品,198,10,19:23
2022-07-20,蒸し鶏のシーザー和え,＊副菜,88,143,19:30
2022-07-20,ツナといんげんの胡麻和え,＊副菜,88,142,19:23
2022-07-20,ねばとろオクラ,＊副菜,88,197,19:24
2022-07-20,ライスＳ,＊ライス単品,94,370,19:31
2022-07-20,がんもどき,＊副菜,66,23,19:26
2022-07-21,味噌汁,＊汁・スープ,33,252,19:31
2022-07-21,ミニサラダ,＊副菜,44,190,19:08
2022-07-21,夏のさっぱり豚汁,＊汁・スープ,110,171,19:13
2022-07-21,ツナといんげんの胡麻和え,＊副菜,88,130,19:00
2022-07-21,ねばとろオクラ,＊副菜,88,185,19:29
2022-07-21,納豆,＊副菜,44,29,19:26
2022-07-21,蒸し鶏のシーザー和え,＊副菜,88,143,19:27
2022-07-21,ライスＬＬ,＊ライス単品,198,11,19:18
2022-07-21,がんもどき,＊副菜,66,19,19:21
2022-07-21,冷奴,＊副菜,44,75,18:50
2022-07-21,南瓜コロッケ,＊副菜,110,72,18:22
2022-07-21,巣ごもり玉子,＊副菜,88,191,19:23
2022-07-21,ほうれん草胡麻和え,＊副菜,66,180,19:31
2022-07-21,春巻き,＊副菜,110,120,19:10
2022-07-21,鯖生姜煮,＊主菜,176,87,18:06
2022-07-21,鶏と緑黄色野菜のごま味噌炒め,＊主菜,264,148,19:31
2022-07-21,麻婆茄子,＊主菜,176,104,19:17
2022-07-21,ブリ照り煮,＊主菜,176,46,19:30
2022-07-21,梅肉とり天弁当,＊内製弁当,500,19,12:19
2022-07-21,鶏きも煮,＊副菜,88,54,18:03
2022-07-21,ひじき煮,＊副菜,66,104,19:28
2022-07-21,鶏のホワイトシチュー,＊主菜,264,110,18:08
2022-07-21,Ｔ唐揚げ玉子あんかけ弁当,＊内製弁当,450,35,12:52
2022-07-21,ライスＳ,＊ライス単品,94,379,19:29
2022-07-21,冷やし山かけうどん,＊麺類,341,37,14:28
2022-07-21,冷やし山かけそば,＊麺類,341,15,14:25
2022-07-21,きつねうどん,＊麺類,297,19,14:22
2022-07-21,きつねそば,＊麺類,297,1,13:57
2022-07-21,Ｅねぎ塩ハンバーグ,＊主菜,220,190,16:46
2022-07-21,Ｅハンバーグデミソース,＊主菜,220,20,19:29
2022-07-21,Ｅローストンカツ味噌ソース,＊主菜,264,82,19:30
2022-07-21,Ｅチキンカツ梅タルソース,＊主菜,220,129,19:31
2022-07-21,かき玉汁,＊汁・スープ,33,288,19:28
2022-07-21,鶏そぼろ冷麺,＊麺類,473,53,14:24
2022-07-21,うどん　大　６２,＊麺類,62,52,14:28
2022-07-21,そば　大,＊麺類,62,4,14:25
2022-07-21,Ｔハンバーグ＆エビフライ弁当,＊内製弁当,400,22,13:08
2022-07-21,ＴＤ揚げだしチキン,＊主菜,308,91,19:27
2022-07-21,Ｔおつかれんこん＆旨塩チキン,＊内製弁当,450,35,12:40
2022-07-21,鶏肉と根菜の田舎煮,＊主菜,176,118,19:31
2022-07-21,チキンフリッター,＊副菜,130,354,19:31
2022-07-21,温泉玉子,＊副菜,44,48,19:15
2022-07-21,トッピング温泉玉子,＊副菜,44,8,19:31
2022-07-21,ライスＬ,＊ライス単品,136,96,19:27
2022-07-21,オクラ海草サラダ,＊副菜,110,100,19:27
2022-07-21,冷やしそば,＊麺類,297,7,12:53
2022-07-21,ライスＭ,＊ライス単品,115,319,19:31
2022-07-21,かけそば,＊麺類,209,3,13:35
2022-07-21,ライスＳＳ,＊ライス単品,73,173,19:31
2022-07-21,冷やしうどん,＊麺類,297,30,14:19
2022-07-21,フルーツヨーグルト,＊ドリンク・デザート,110,86,19:10
2022-07-21,焼きプリンタルト,＊ドリンク・デザート,66,49,19:27
2022-07-21,大学芋,＊ドリンク・デザート,88,103,19:31
2022-07-21,大学生協コーヒー,＊ドリンク・デザート,95,29,19:21
2022-07-21,ティラミス,＊ドリンク・デザート,220,26,19:16
2022-07-21,北海道いももち,＊ドリンク・デザート,88,22,19:25
2022-07-21,ピリ辛サーモン丼Ｌ,＊ライスＦＦ,517,21,18:43
2022-07-21,ピリ辛サーモン丼Ｍ,＊ライスＦＦ,462,98,19:22
2022-07-21,牛乳,＊ドリンク・デザート,85,13,18:08
2022-07-21,唐揚げ麻婆丼Ｌ,＊ライスＦＦ,462,56,19:23
2022-07-21,唐揚げ麻婆丼Ｍ,＊ライスＦＦ,407,102,19:31
2022-07-21,唐揚げ麻婆丼Ｓ,＊ライスＦＦ,352,17,19:27
2022-07-21,唐揚げカレーＬ,＊ライスＦＦ,462,11,19:22
2022-07-21,唐揚げカレーＭ,＊ライスＦＦ,407,19,19:00
2022-07-21,唐揚げカレーＳ,＊ライスＦＦ,352,1,18:53
2022-07-21,カレーライスＬ,＊ライスＦＦ,363,10,18:31
2022-07-21,カレーライスＭ,＊ライスＦＦ,308,22,18:56
2022-07-21,かけうどん,＊麺類,209,28,14:22
2022-07-21,ピリ辛サーモン丼Ｓ,＊ライスＦＦ,407,9,18:15
2022-07-21,カレーライスＳ,＊ライスＦＦ,253,3,17:52
2022-07-22,冷やし山かけそば,＊麺類,341,19,14:33
2022-07-22,冷やし山かけうどん,＊麺類,341,39,14:16
2022-07-22,鶏そぼろ冷麺,＊麺類,473,53,14:32
2022-07-22,冷やしそば,＊麺類,297,9,13:43
2022-07-22,冷やしうどん,＊麺類,297,33,14:17
2022-07-22,カレーライスＬ,＊ライスＦＦ,363,2,19:24
2022-07-22,かけうどん,＊麺類,209,15,14:04
2022-07-22,カレーライスＳ,＊ライスＦＦ,253,2,15:38
2022-07-22,カレーライスＭ,＊ライスＦＦ,308,11,19:25
2022-07-22,唐揚げカレーＳ,＊ライスＦＦ,352,3,16:39
2022-07-22,唐揚げカレーＭ,＊ライスＦＦ,407,25,19:12
2022-07-22,唐揚げカレーＬ,＊ライスＦＦ,462,11,19:26
2022-07-22,きつねうどん,＊麺類,297,6,13:31
2022-07-22,かけそば,＊麺類,209,4,12:32
2022-07-22,きつねそば,＊麺類,297,1,13:14
2022-07-22,Ｔ肉じゃがコロッケ＆ハンバーグ弁当,＊内製弁当,400,25,12:32
2022-07-22,Ｅチキンカツ梅タルソース,＊主菜,220,93,19:31
2022-07-22,Ｗガリ玉唐揚げ丼Ｌ,＊ライスＦＦ,517,36,19:31
2022-07-22,Ｗガリ玉唐揚げ丼Ｓ,＊ライスＦＦ,407,16,19:20
2022-07-22,ガリ玉唐揚げ丼Ｍ,＊ライスＦＦ,462,89,19:23
2022-07-22,トッピング温泉玉子,＊副菜,44,6,14:33
2022-07-22,温泉玉子,＊副菜,44,40,19:24
2022-07-22,チキンフリッター,＊副菜,130,283,19:31
2022-07-22,Ｅチキン香草焼き,＊主菜,264,89,14:03
2022-07-22,ピリ辛サーモン丼Ｓ,＊ライスＦＦ,407,8,17:18
2022-07-22,Ｔ豪華のり弁～若鶏香り揚げ～,＊内製弁当,450,27,12:53
2022-07-22,そば　大,＊麺類,62,13,14:05
2022-07-22,うどん　大　６２,＊麺類,62,40,14:16
2022-07-22,かき玉汁,＊汁・スープ,33,223,19:27
2022-07-22,Ｅ鶏の塩麹柚子胡椒焼き,＊主菜,308,76,19:06
2022-07-22,Ｅポークミンチカツ,＊主菜,220,95,19:27
2022-07-22,Ｔ肉団子のラタトゥユ弁当,＊内製弁当,450,20,12:28
2022-07-22,ピリ辛サーモン丼Ｍ,＊ライスＦＦ,462,47,17:37
2022-07-22,ライスＬ,＊ライス単品,136,69,19:31
2022-07-22,ティラミス,＊ドリンク・デザート,220,19,18:55
2022-07-22,鶏きも煮,＊副菜,88,53,18:28
2022-07-22,チリマヨ唐揚げ弁当,＊内製弁当,500,15,12:20
2022-07-22,ブリ照り煮,＊主菜,176,48,19:31
2022-07-22,鶏と緑黄色野菜のごま味噌炒め,＊主菜,264,139,19:06
2022-07-22,肉団子と野菜の中華煮,＊主菜,264,98,19:21
2022-07-22,若鶏醤油揚げ,＊主菜,176,89,19:25
2022-07-22,鯖味噌煮,＊主菜,176,15,19:23
2022-07-22,鯖生姜煮,＊主菜,176,64,18:13
2022-07-22,大根牛すじ煮,＊主菜,176,29,19:31
2022-07-22,肉じゃがコロッケ,＊副菜,110,105,19:21
2022-07-22,ほうれん草胡麻和え,＊副菜,66,188,19:26
2022-07-22,巣ごもり玉子,＊副菜,88,164,19:27
2022-07-22,冷奴,＊副菜,44,64,18:38
2022-07-22,納豆,＊副菜,44,35,19:26
2022-07-22,味噌汁,＊汁・スープ,33,220,19:31
2022-07-22,ミニサラダ,＊副菜,44,150,19:11
2022-07-22,夏のさっぱり豚汁,＊汁・スープ,110,169,19:31
2022-07-22,大学生協コーヒー,＊ドリンク・デザート,95,29,19:22
2022-07-22,大学芋,＊ドリンク・デザート,88,80,19:23
2022-07-22,牛乳,＊ドリンク・デザート,85,11,19:24
2022-07-22,焼きプリンタルト,＊ドリンク・デザート,66,34,19:06
2022-07-22,フルーツヨーグルト,＊ドリンク・デザート,110,66,17:30
2022-07-22,ライスＳＳ,＊ライス単品,73,160,19:26
2022-07-22,ピリ辛サーモン丼Ｌ,＊ライスＦＦ,517,22,16:10
2022-07-22,ライスＳ,＊ライス単品,94,321,19:31
2022-07-22,ライスＬＬ,＊ライス単品,198,10,18:34
2022-07-22,蒸し鶏のシーザー和え,＊副菜,88,105,19:31
2022-07-22,ツナといんげんの胡麻和え,＊副菜,88,82,17:40
2022-07-22,ねばとろオクラ,＊副菜,88,186,19:31
2022-07-22,がんもどき,＊副菜,66,17,19:18
2022-07-22,蒸し鶏サラダ,＊副菜,110,84,19:31
2022-07-22,ライスＭ,＊ライス単品,115,264,19:22
2022-07-22,だし巻き,＊副菜,66,105,19:26
2022-07-22,鶏大根甘辛煮,＊主菜,176,154,18:38
2022-07-25,チリマヨ唐揚げ丼Ｍ,＊ライスＦＦ,407,81,19:28
2022-07-25,チリマヨ唐揚げ丼Ｌ,＊ライスＦＦ,462,44,19:18
2022-07-25,チリマヨ唐揚げ丼Ｓ,＊ライスＦＦ,352,11,17:20
2022-07-25,唐揚げカレーＬ,＊ライスＦＦ,462,7,19:20
2022-07-25,唐揚げカレーＭ,＊ライスＦＦ,407,22,19:28
2022-07-25,唐揚げカレーＳ,＊ライスＦＦ,352,3,17:45
2022-07-25,カレーライスＬ,＊ライスＦＦ,363,9,17:01
2022-07-25,カレーライスＭ,＊ライスＦＦ,308,17,19:25
2022-07-25,カレーライスＳ,＊ライスＦＦ,253,6,18:54
2022-07-25,かけうどん,＊麺類,209,17,14:29
2022-07-25,かけそば,＊麺類,209,3,17:44
2022-07-25,冷やしうどん,＊麺類,297,41,14:22
2022-07-25,冷やしそば,＊麺類,297,11,14:21
2022-07-25,冷やし温玉うどん,＊麺類,341,49,14:30
2022-07-25,冷やし温玉そば,＊麺類,341,8,13:14
2022-07-25,温玉ねぎとろ丼Ｓ,＊ライスＦＦ,407,14,18:50
2022-07-25,きつねうどん,＊麺類,297,11,14:13
2022-07-25,胡麻チゲ冷麺,＊麺類,473,47,14:30
2022-07-25,Ｅササミチーズタルタルソース,＊主菜,220,149,19:25
2022-07-25,Ｅローストンカツごまソース,＊主菜,264,82,19:26
2022-07-25,Ｅチキン香草焼き,＊主菜,264,113,18:55
2022-07-25,Ｅ豆腐ハンバーグ茸あんかけ,＊主菜,220,105,19:29
2022-07-25,Ｅ揚げ鶏トマトソース,＊主菜,308,108,18:52
2022-07-25,かき玉汁,＊汁・スープ,33,266,19:28
2022-07-25,うどん　大　６２,＊麺類,62,48,14:20
2022-07-25,そば　大,＊麺類,62,4,12:12
2022-07-25,Ｔ４００アジフライ彩り弁当,＊内製弁当,400,15,12:22
2022-07-25,Ｔ炒飯中華三昧,＊内製弁当,450,25,12:18
2022-07-25,Ｔおーい！チキンカツ,＊内製弁当,450,15,12:14
2022-07-25,チキンフリッター,＊副菜,130,319,19:29
2022-07-25,温泉玉子,＊副菜,44,47,19:28
2022-07-25,きつねそば,＊麺類,297,4,13:08
2022-07-25,温玉ねぎとろ丼Ｍ,＊ライスＦＦ,462,66,19:24
2022-07-25,温玉ねぎとろ丼Ｌ,＊ライスＦＦ,517,16,18:33
2022-07-25,ニューヨークチーズケーキ,＊ドリンク・デザート,220,25,19:02
2022-07-25,スパ野菜サラダ,＊副菜,110,110,19:28
2022-07-25,高野豆腐玉子とじ,＊副菜,88,16,18:43
2022-07-25,夏のさっぱり豚汁,＊汁・スープ,110,183,19:28
2022-07-25,ミニサラダ,＊副菜,44,150,18:27
2022-07-25,味噌汁,＊汁・スープ,33,257,19:29
2022-07-25,納豆,＊副菜,44,29,19:25
2022-07-25,冷奴,＊副菜,44,75,19:21
2022-07-25,だし巻き,＊副菜,66,109,19:28
2022-07-25,オクラ巣ごもり玉子,＊副菜,88,259,19:25
2022-07-25,ほうれん草胡麻和え,＊副菜,66,256,19:29
2022-07-25,ハッシュポテト,＊副菜,110,147,18:56
2022-07-25,千切り煮,＊副菜,66,116,19:26
2022-07-25,南瓜サラダ,＊副菜,66,117,18:07
2022-07-25,ブロッコリーピーナッツ和え,＊副菜,88,208,18:47
2022-07-25,牛肉コロッケ,＊副菜,110,105,19:26
2022-07-25,鯖生姜煮,＊主菜,176,84,19:29
2022-07-25,チゲ豆腐,＊主菜,264,169,17:41
2022-07-25,大学生協コーヒー,＊ドリンク・デザート,95,29,19:21
2022-07-25,大学芋,＊ドリンク・デザート,88,71,19:24
2022-07-25,牛乳,＊ドリンク・デザート,85,12,19:26
2022-07-25,焼きプリンタルト,＊ドリンク・デザート,66,39,19:28
2022-07-25,フルーツヨーグルト,＊ドリンク・デザート,110,76,19:09
2022-07-25,ライスＳＳ,＊ライス単品,73,214,19:27
2022-07-25,トッピング温泉玉子,＊副菜,44,4,17:41
2022-07-25,ライスＳ,＊ライス単品,94,382,19:27
2022-07-25,鶏きも煮,＊副菜,88,54,19:23
2022-07-25,ハンバーグ唐揚げ弁当,＊内製弁当,500,20,12:22
2022-07-25,鯖塩焼き,＊主菜,176,69,19:13
2022-07-25,ブリ照り煮,＊主菜,176,5,12:19
2022-07-25,豆腐と野菜のすき焼き風,＊主菜,176,116,19:02
2022-07-25,鶏と茄子の山賊炒め,＊主菜,264,162,19:03
2022-07-25,ライスＭ,＊ライス単品,115,327,19:29
2022-07-25,ライスＬＬ,＊ライス単品,198,16,18:28
2022-07-25,ライスＬ,＊ライス単品,136,90,19:20
2022-07-26,豚と野菜の生姜炒め,＊主菜,264,32,18:59
2022-07-26,唐揚げ玉子あんかけ丼Ｍ,＊ライスＦＦ,407,70,19:27
2022-07-26,唐揚げ玉子あんかけ丼Ｓ,＊ライスＦＦ,352,16,18:40
2022-07-26,唐揚げカレーＬ,＊ライスＦＦ,462,12,18:54
2022-07-26,唐揚げカレーＭ,＊ライスＦＦ,407,21,19:06
2022-07-26,唐揚げカレーＳ,＊ライスＦＦ,352,1,17:03
2022-07-26,カレーライスＬ,＊ライスＦＦ,363,7,17:02
2022-07-26,カレーライスＭ,＊ライスＦＦ,308,18,18:53
2022-07-26,カレーライスＳ,＊ライスＦＦ,253,3,18:47
2022-07-26,かけうどん,＊麺類,209,7,13:18
2022-07-26,かけそば,＊麺類,209,4,13:23
2022-07-26,冷やしうどん,＊麺類,297,36,14:33
2022-07-26,冷やしそば,＊麺類,297,11,12:41
2022-07-26,冷やし温玉うどん,＊麺類,341,51,14:19
2022-07-26,冷やし温玉そば,＊麺類,341,6,13:49
2022-07-26,きつねうどん,＊麺類,297,5,12:22
2022-07-26,きつねそば,＊麺類,297,2,13:25
2022-07-26,胡麻チゲ冷麺,＊麺類,473,59,14:17
2022-07-26,トッピング温泉玉子,＊副菜,44,4,12:32
2022-07-26,温泉玉子,＊副菜,44,38,19:33
2022-07-26,チキンフリッター,＊副菜,130,341,19:33
2022-07-26,生姜焼き豚,＊主菜,308,102,19:32
2022-07-26,鶏肉じゃが,＊主菜,176,132,14:42
2022-07-26,Ｔオムレツ＆ハンバーグ弁当,＊内製弁当,400,4,12:22
2022-07-26,唐揚げ玉子あんかけ丼Ｌ,＊ライスＦＦ,462,33,18:55
2022-07-26,Ｔ唐揚げきのこのこのこ弁当,＊内製弁当,450,25,12:40
2022-07-26,そば　大,＊麺類,62,12,13:23
2022-07-26,うどん　大　６２,＊麺類,62,50,14:33
2022-07-26,かき玉汁,＊汁・スープ,33,263,19:30
2022-07-26,Ｅハンバーグデミソース,＊主菜,220,117,19:32
2022-07-26,Ｅチキンカツチリソース,＊主菜,220,127,19:28
2022-07-26,Ｅローストンカツおろしソース,＊主菜,264,106,19:32
2022-07-26,Ｔとんかつ玉子あんかけ弁当,＊内製弁当,450,18,12:45
2022-07-26,温玉ねぎとろ丼Ｓ,＊ライスＦＦ,407,13,19:15
2022-07-26,温玉ねぎとろ丼Ｍ,＊ライスＦＦ,462,67,19:26
2022-07-26,温玉ねぎとろ丼Ｌ,＊ライスＦＦ,517,28,18:57
2022-07-26,オクラ巣ごもり玉子,＊副菜,88,242,19:32
2022-07-26,ほうれん草胡麻和え,＊副菜,66,191,19:33
2022-07-26,千切り煮,＊副菜,66,88,19:29
2022-07-26,海老クリームコロッケ,＊副菜,110,130,19:13
2022-07-26,南瓜サラダ,＊副菜,66,147,19:18
2022-07-26,ポテト野菜サラダ,＊副菜,110,118,19:24
2022-07-26,きんぴらごぼう,＊副菜,66,132,18:59
2022-07-26,ブロッコリーピーナッツ和え,＊副菜,88,195,19:33
2022-07-26,鯖味噌煮,＊主菜,176,6,19:03
2022-07-26,ゆず塩ちゃんこ,＊主菜,264,102,17:21
2022-07-26,餃子野菜あんかけ,＊主菜,176,109,19:33
2022-07-26,ブリ照り煮,＊主菜,176,4,19:32
2022-07-26,鯖塩焼き,＊主菜,176,79,19:32
2022-07-26,鶏きも煮,＊副菜,88,54,18:04
2022-07-26,鯖生姜煮,＊主菜,176,71,18:44
2022-07-26,豚野菜柚子胡椒ポン酢炒め,＊主菜,264,110,18:07
2022-07-26,冷奴,＊副菜,44,75,17:43
2022-07-26,味噌汁,＊汁・スープ,33,281,19:28
2022-07-26,北海道いももち,＊ドリンク・デザート,88,102,19:27
2022-07-26,ニューヨークチーズケーキ,＊ドリンク・デザート,220,27,19:09
2022-07-26,大学生協コーヒー,＊ドリンク・デザート,95,26,18:55
2022-07-26,大学芋,＊ドリンク・デザート,88,81,19:29
2022-07-26,牛乳,＊ドリンク・デザート,85,12,17:26
2022-07-26,焼きプリンタルト,＊ドリンク・デザート,66,35,18:56
2022-07-26,納豆,＊副菜,44,33,19:14
2022-07-26,フルーツヨーグルト,＊ドリンク・デザート,110,77,19:30
2022-07-26,ライスＭ,＊ライス単品,115,295,19:32
2022-07-26,ライスＬ,＊ライス単品,136,92,19:32
2022-07-26,ライスＬＬ,＊ライス単品,198,7,18:20
2022-07-26,高野豆腐玉子とじ,＊副菜,88,24,19:19
2022-07-26,夏のさっぱり豚汁,＊汁・スープ,110,157,19:33
2022-07-26,ミニサラダ,＊副菜,44,153,19:32
2022-07-26,ライスＳＳ,＊ライス単品,73,178,19:32
2022-07-26,油淋鶏弁当,＊内製弁当,500,25,13:08
2022-07-26,ライスＳ,＊ライス単品,94,390,19:32
2022-07-27,胡麻チゲ冷麺,＊麺類,473,52,14:34
2022-07-27,高野豆腐玉子とじ,＊副菜,88,20,19:20
2022-07-27,夏のさっぱり豚汁,＊汁・スープ,110,139,19:23
2022-07-27,ミニサラダ,＊副菜,44,182,19:26
2022-07-27,味噌汁,＊汁・スープ,33,220,19:30
2022-07-27,納豆,＊副菜,44,23,19:27
2022-07-27,冷奴,＊副菜,44,75,19:29
2022-07-27,だし巻き,＊副菜,66,98,19:29
2022-07-27,オクラ巣ごもり玉子,＊副菜,88,178,19:31
2022-07-27,ほうれん草胡麻和え,＊副菜,66,205,19:31
2022-07-27,千切り煮,＊副菜,66,92,19:31
2022-07-27,南瓜サラダ,＊副菜,66,139,19:01
2022-07-27,ブロッコリーピーナッツ和え,＊副菜,88,193,19:31
2022-07-27,南瓜コロッケ,＊副菜,110,80,19:31
2022-07-27,春巻き,＊副菜,110,103,19:20
2022-07-27,鯖生姜煮,＊主菜,176,63,19:24
2022-07-27,鶏肉と野菜のオイスター炒め,＊主菜,264,78,19:19
2022-07-27,鶏のホワイトシチュー,＊主菜,264,93,18:44
2022-07-27,麻婆茄子,＊主菜,176,25,19:30
2022-07-27,ブリ照り煮,＊主菜,176,5,17:07
2022-07-27,鯖塩焼き,＊主菜,176,62,19:28
2022-07-27,豚と野菜の生姜炒め,＊主菜,264,42,12:31
2022-07-27,梅肉とり天弁当,＊内製弁当,500,12,12:23
2022-07-27,鶏きも煮,＊副菜,88,54,18:56
2022-07-27,ライスＬＬ,＊ライス単品,198,9,19:08
2022-07-27,きつねそば,＊麺類,297,1,13:59
2022-07-27,ライスＬ,＊ライス単品,136,88,19:24
2022-07-27,ライスＳ,＊ライス単品,94,334,19:31
2022-07-27,冷やしそば,＊麺類,297,14,13:38
2022-07-27,冷やしうどん,＊麺類,297,29,14:27
2022-07-27,かけそば,＊麺類,209,3,13:17
2022-07-27,かけうどん,＊麺類,209,6,12:30
2022-07-27,カレーライスＳ,＊ライスＦＦ,253,3,12:10
2022-07-27,カレーライスＭ,＊ライスＦＦ,308,13,19:28
2022-07-27,カレーライスＬ,＊ライスＦＦ,363,4,15:13
2022-07-27,唐揚げカレーＳ,＊ライスＦＦ,352,4,17:26
2022-07-27,唐揚げカレーＭ,＊ライスＦＦ,407,13,18:21
2022-07-27,唐揚げカレーＬ,＊ライスＦＦ,462,6,18:49
2022-07-27,温玉ねぎとろ丼Ｓ,＊ライスＦＦ,407,11,18:45
2022-07-27,温玉ねぎとろ丼Ｍ,＊ライスＦＦ,462,39,19:28
2022-07-27,温玉ねぎとろ丼Ｌ,＊ライスＦＦ,517,19,19:20
2022-07-27,唐揚げ麻婆丼Ｓ,＊ライスＦＦ,352,9,19:20
2022-07-27,唐揚げ麻婆丼Ｍ,＊ライスＦＦ,407,80,19:27
2022-07-27,唐揚げ麻婆丼Ｌ,＊ライスＦＦ,462,32,19:15
2022-07-27,ニューヨークチーズケーキ,＊ドリンク・デザート,220,23,18:33
2022-07-27,大学生協コーヒー,＊ドリンク・デザート,95,29,13:31
2022-07-27,大学芋,＊ドリンク・デザート,88,69,19:29
2022-07-27,牛乳,＊ドリンク・デザート,85,16,18:53
2022-07-27,焼きプリンタルト,＊ドリンク・デザート,66,44,19:17
2022-07-27,フルーツヨーグルト,＊ドリンク・デザート,110,64,19:23
2022-07-27,ライスＳＳ,＊ライス単品,73,195,19:26
2022-07-27,ライスＭ,＊ライス単品,115,289,19:30
2022-07-27,きつねうどん,＊麺類,297,3,11:59
2022-07-27,冷やし温玉そば,＊麺類,341,7,14:12
2022-07-27,チキンフリッター,＊副菜,130,278,19:27
2022-07-27,トッピング温泉玉子,＊副菜,44,5,14:39
2022-07-27,温泉玉子,＊副菜,44,37,19:20
2022-07-27,鶏肉と根菜の田舎煮,＊主菜,176,121,18:45
2022-07-27,Ｅ白身魚南蛮タルタル,＊主菜,220,194,19:31
2022-07-27,ＴＤ揚げだしチキン,＊主菜,308,105,19:31
2022-07-27,Ｔ豪華のり弁～ハンバーグ～,＊内製弁当,450,15,12:16
2022-07-27,Ｔお母さんの豚肉生姜炒め,＊内製弁当,450,30,13:03
2022-07-27,Ｔ炒飯　ｗｉｔｈ　とんかつ,＊内製弁当,400,23,13:02
2022-07-27,冷やし温玉うどん,＊麺類,341,44,15:01
2022-07-27,オクラ海草サラダ,＊副菜,110,105,19:30
2022-07-27,具入り麺　大,＊麺類,95,3,13:16
2022-07-27,うどん　大　６２,＊麺類,62,25,15:01
2022-07-27,かき玉汁,＊汁・スープ,33,241,19:31
2022-07-27,Ｅローストンカツ味噌ソース,＊主菜,264,58,19:31
2022-07-27,Ｅねぎ塩ハンバーグ,＊主菜,220,199,19:21
2022-07-27,Ｅハンバーグおろしソース,＊主菜,220,3,19:30
2022-07-27,そば　大,＊麺類,62,6,13:38
2022-07-28,ライスＬ,＊ライス単品,136,97,19:24
2022-07-28,ミニサラダ,＊副菜,44,144,19:02
2022-07-28,夏のさっぱり豚汁,＊汁・スープ,110,169,19:28
2022-07-28,高野豆腐玉子とじ,＊副菜,88,24,19:12
2022-07-28,蒸し鶏サラダ,＊副菜,110,116,19:29
2022-07-28,ライスＬＬ,＊ライス単品,198,16,18:53
2022-07-28,ライスＭ,＊ライス単品,115,278,19:26
2022-07-28,温玉ねぎとろ丼Ｍ,＊ライスＦＦ,462,60,18:45
2022-07-28,ライスＳＳ,＊ライス単品,73,165,19:29
2022-07-28,フルーツヨーグルト,＊ドリンク・デザート,110,87,19:21
2022-07-28,焼きプリンタルト,＊ドリンク・デザート,66,28,19:29
2022-07-28,牛乳,＊ドリンク・デザート,85,9,18:23
2022-07-28,大学芋,＊ドリンク・デザート,88,88,19:01
2022-07-28,味噌汁,＊汁・スープ,33,255,19:30
2022-07-28,ライスＳ,＊ライス単品,94,391,19:29
2022-07-28,納豆,＊副菜,44,38,19:29
2022-07-28,鯖生姜煮,＊主菜,176,74,19:29
2022-07-28,きんぴらごぼう,＊副菜,66,119,18:55
2022-07-28,鶏きも煮,＊副菜,88,54,19:21
2022-07-28,タンドリーチキン弁当,＊内製弁当,500,11,12:56
2022-07-28,鯖塩焼き,＊主菜,176,63,19:26
2022-07-28,ホイコーロー,＊主菜,264,173,19:24
2022-07-28,肉団子と野菜の中華煮,＊主菜,264,80,17:51
2022-07-28,若鶏醤油揚げ,＊主菜,176,92,19:28
2022-07-28,冷奴,＊副菜,44,75,18:19
2022-07-28,大学生協コーヒー,＊ドリンク・デザート,95,27,14:20
2022-07-28,肉じゃがコロッケ,＊副菜,110,116,19:29
2022-07-28,ブロッコリーピーナッツ和え,＊副菜,88,176,19:25
2022-07-28,南瓜サラダ,＊副菜,66,120,18:59
2022-07-28,千切り煮,＊副菜,66,94,19:28
2022-07-28,ほうれん草胡麻和え,＊副菜,66,231,19:30
2022-07-28,オクラ巣ごもり玉子,＊副菜,88,225,19:23
2022-07-28,大根牛すじ煮,＊主菜,176,74,19:29
2022-07-28,温玉ねぎとろ丼Ｌ,＊ライスＦＦ,517,19,18:50
2022-07-28,鶏大根甘辛煮,＊主菜,176,124,17:36
2022-07-28,ニューヨークチーズケーキ,＊ドリンク・デザート,220,18,15:08
2022-07-28,Ｔ完熟トマトきのこハンバーグ弁当,＊内製弁当,450,25,12:35
2022-07-28,Ｔタラフライ＆とんかつ弁当,＊内製弁当,400,9,12:18
2022-07-28,うどん　大　６２,＊麺類,62,48,14:20
2022-07-28,チキンフリッター,＊副菜,130,273,19:29
2022-07-28,温泉玉子,＊副菜,44,55,19:26
2022-07-28,トッピング温泉玉子,＊副菜,44,5,19:24
2022-07-28,ガリ玉唐揚げ丼Ｍ,＊ライスＦＦ,462,96,19:28
2022-07-28,Ｗガリ玉唐揚げ丼Ｓ,＊ライスＦＦ,407,14,18:53
2022-07-28,Ｗガリ玉唐揚げ丼Ｌ,＊ライスＦＦ,517,39,19:29
2022-07-28,かき玉汁,＊汁・スープ,33,276,19:29
2022-07-28,Ｅ鶏の塩麹柚子胡椒焼き,＊主菜,308,109,19:23
2022-07-28,Ｅポークミンチカツ,＊主菜,220,91,19:29
2022-07-28,Ｅチキンカツポン酢おろし,＊主菜,220,178,19:27
2022-07-28,Ｅチキン香草焼き,＊主菜,264,129,19:23
2022-07-28,胡麻チゲ冷麺,＊麺類,473,49,14:30
2022-07-28,紅茶のシフォン,＊ドリンク・デザート,220,10,19:15
2022-07-28,きつねそば,＊麺類,297,1,11:46
2022-07-28,温玉ねぎとろ丼Ｓ,＊ライスＦＦ,407,13,19:30
2022-07-28,唐揚げカレーＬ,＊ライスＦＦ,462,12,18:37
2022-07-28,唐揚げカレーＭ,＊ライスＦＦ,407,12,19:11
2022-07-28,唐揚げカレーＳ,＊ライスＦＦ,352,3,18:53
2022-07-28,カレーライスＬ,＊ライスＦＦ,363,8,19:01
2022-07-28,カレーライスＭ,＊ライスＦＦ,308,14,19:28
2022-07-28,Ｔしあわせチキン南蛮,＊内製弁当,450,21,12:32
2022-07-28,カレーライスＳ,＊ライスＦＦ,253,1,15:18
2022-07-28,かけそば,＊麺類,209,1,11:14
2022-07-28,冷やしうどん,＊麺類,297,49,14:20
2022-07-28,冷やしそば,＊麺類,297,18,14:30
2022-07-28,冷やし温玉うどん,＊麺類,341,39,14:26
2022-07-28,冷やし温玉そば,＊麺類,341,6,14:26
2022-07-28,きつねうどん,＊麺類,297,8,14:14
2022-07-28,かけうどん,＊麺類,209,9,13:12
2022-07-28,そば　大,＊麺類,62,5,13:04
2022-07-29,味噌汁,＊汁・スープ,33,180,19:31
2022-07-29,鶏きも煮,＊副菜,88,54,19:18
2022-07-29,ミニサラダ,＊副菜,44,153,19:29
2022-07-29,冷奴,＊副菜,44,63,19:20
2022-07-29,高野豆腐玉子とじ,＊副菜,88,15,18:50
2022-07-29,スパ野菜サラダ,＊副菜,110,80,19:09
2022-07-29,ライスＬＬ,＊ライス単品,198,10,19:19
2022-07-29,ライスＬ,＊ライス単品,136,61,19:22
2022-07-29,だし巻き,＊副菜,66,92,19:29
2022-07-29,オクラ巣ごもり玉子,＊副菜,88,212,19:32
2022-07-29,ほうれん草胡麻和え,＊副菜,66,199,19:31
2022-07-29,ハッシュポテト,＊副菜,110,98,17:47
2022-07-29,千切り煮,＊副菜,66,60,17:34
2022-07-29,南瓜サラダ,＊副菜,66,121,19:28
2022-07-29,ブロッコリーピーナッツ和え,＊副菜,88,171,19:34
2022-07-29,牛肉コロッケ,＊副菜,110,90,19:31
2022-07-29,鯖生姜煮,＊主菜,176,58,19:30
2022-07-29,チゲ豆腐,＊主菜,264,140,14:50
2022-07-29,ホイコーロー,＊主菜,264,10,11:37
2022-07-29,鶏と茄子の山賊炒め,＊主菜,264,100,18:53
2022-07-29,豆腐と野菜のすき焼き風,＊主菜,176,64,19:01
2022-07-29,鯖塩焼き,＊主菜,176,64,19:29
2022-07-29,ハンバーグ唐揚げ弁当,＊内製弁当,500,15,12:27
2022-07-29,納豆,＊副菜,44,28,19:23
2022-07-29,夏のさっぱり豚汁,＊汁・スープ,110,128,19:16
2022-07-29,焼きプリンタルト,＊ドリンク・デザート,66,34,19:02
2022-07-29,ライスＳ,＊ライス単品,94,343,19:31
2022-07-29,きつねうどん,＊麺類,297,12,13:49
2022-07-29,きつねそば,＊麺類,297,1,12:41
2022-07-29,胡麻チゲ冷麺,＊麺類,473,47,14:33
2022-07-29,Ｅササミチーズタルタルソース,＊主菜,220,89,14:13
2022-07-29,Ｅローストンカツごまソース,＊主菜,264,94,19:30
2022-07-29,Ｅ豆腐ハンバーグ茸あんかけ,＊主菜,220,93,19:29
2022-07-29,Ｅ揚げ鶏トマトソース,＊主菜,308,84,19:31
2022-07-29,かき玉汁,＊汁・スープ,33,187,19:30
2022-07-29,冷やし温玉そば,＊麺類,341,10,14:10
2022-07-29,うどん　大　６２,＊麺類,62,32,14:10
2022-07-29,Ｔ鶏肉野菜黒酢弁当,＊内製弁当,450,17,13:00
2022-07-29,Ｔお～い！ヒレカツ,＊内製弁当,450,13,12:56
2022-07-29,Ｔ肉じゃがコロッケ＆春巻き肉団子弁当,＊内製弁当,400,15,13:04
2022-07-29,鶏と野菜のカレー煮,＊主菜,176,118,18:48
2022-07-29,ライスＭ,＊ライス単品,115,239,19:30
2022-07-29,チキンフリッター,＊副菜,130,258,19:31
2022-07-29,温泉玉子,＊副菜,44,38,19:28
2022-07-29,トッピング温泉玉子,＊副菜,44,2,19:20
2022-07-29,そば　大,＊麺類,62,7,13:12
2022-07-29,冷やし温玉うどん,＊麺類,341,33,14:07
2022-07-29,Ｅハンバーグおろしソース,＊主菜,220,14,18:43
2022-07-29,冷やしうどん,＊麺類,297,36,14:10
2022-07-29,牛乳,＊ドリンク・デザート,85,7,19:34
2022-07-29,大学芋,＊ドリンク・デザート,88,66,19:24
2022-07-29,大学生協コーヒー,＊ドリンク・デザート,95,27,18:13
2022-07-29,冷やしそば,＊麺類,297,8,14:32
2022-07-29,温玉ねぎとろ丼Ｌ,＊ライスＦＦ,517,24,19:34
2022-07-29,ライスＳＳ,＊ライス単品,73,155,19:29
2022-07-29,温玉ねぎとろ丼Ｍ,＊ライスＦＦ,462,43,19:10
2022-07-29,温玉ねぎとろ丼Ｓ,＊ライスＦＦ,407,10,17:15
2022-07-29,チリマヨ唐揚げ丼Ｌ,＊ライスＦＦ,462,29,19:30
2022-07-29,チリマヨ唐揚げ丼Ｍ,＊ライスＦＦ,407,57,19:18
2022-07-29,ニューヨークチーズケーキ,＊ドリンク・デザート,220,18,19:30
2022-07-29,唐揚げカレーＬ,＊ライスＦＦ,462,9,19:22
2022-07-29,チリマヨ唐揚げ丼Ｓ,＊ライスＦＦ,352,2,13:04
2022-07-29,かけそば,＊麺類,209,3,13:06
2022-07-29,かけうどん,＊麺類,209,6,13:57
2022-07-29,カレーライスＳ,＊ライスＦＦ,253,5,14:45
2022-07-29,フルーツヨーグルト,＊ドリンク・デザート,110,66,19:09
2022-07-29,カレーライスＬ,＊ライスＦＦ,363,8,18:29
2022-07-29,唐揚げカレーＳ,＊ライスＦＦ,352,2,16:30
2022-07-29,唐揚げカレーＭ,＊ライスＦＦ,407,18,19:14
2022-07-29,カレーライスＭ,＊ライスＦＦ,308,15,19:24
